GOOG	2015-03-04	570.45	573.64	575.39	566.52	1694300	573.64
GOOG	2015-03-03	560.53	571.34	572.15	558.75	2118400	571.34
GOOG	2015-02-28	554.24	558.40	564.71	552.90	2344200	558.40
GOOG	2015-02-27	543.21	555.48	556.14	541.50	2305200	555.48
GOOG	2015-02-26	535.90	543.87	546.22	535.45	1821000	543.87
GOOG	2015-02-25	530.00	536.09	536.79	528.25	1002300	536.09
GOOG	2015-02-24	536.05	531.91	536.44	529.41	1453900	531.91
GOOG	2015-02-21	543.13	538.95	543.75	535.80	1440400	538.95
GOOG	2015-02-20	538.04	542.87	543.11	538.01	986400	542.87
GOOG	2015-02-19	541.40	539.70	545.49	537.51	1449100	539.70
GOOG	2015-02-18	546.83	542.84	550.00	541.09	1612400	542.84
GOOG	2015-02-14	543.35	549.01	549.91	543.13	1895100	549.01
GOOG	2015-02-13	537.25	542.93	544.82	534.67	1615800	542.93
GOOG	2015-02-12	535.30	535.97	538.45	533.38	1374000	535.97
GOOG	2015-02-11	529.30	536.94	537.70	526.92	1745100	536.94
GOOG	2015-02-10	528.00	527.83	532.00	526.02	1264300	527.83
GOOG	2015-02-07	527.64	531.00	537.20	526.41	1744600	531.00
GOOG	2015-02-06	523.79	527.58	528.50	522.09	1844700	527.58
GOOG	2015-02-05	529.24	522.76	532.67	521.27	1659100	522.76
GOOG	2015-02-04	528.00	529.24	533.40	523.26	2033100	529.24
GOOG	2015-02-03	531.73	528.48	533.00	518.55	2842000	528.48
GOOG	2015-01-31	515.86	534.52	539.87	515.52	5591000	534.52
GOOG	2015-01-30	511.00	510.66	511.09	501.20	4174900	510.66
GOOG	2015-01-29	522.78	510.00	522.99	510.00	1679200	510.00
GOOG	2015-01-28	529.97	518.63	530.70	518.19	1898800	518.63
GOOG	2015-01-27	538.53	535.21	539.00	529.67	1539500	535.21
GOOG	2015-01-24	535.59	539.95	542.17	533.00	2275500	539.95
GOOG	2015-01-23	521.48	534.39	536.33	519.70	2669600	534.39
GOOG	2015-01-22	507.25	518.04	519.28	506.20	2262500	518.04
GOOG	2015-01-21	511.00	506.90	512.50	506.02	2221800	506.90
GOOG	2015-01-17	500.01	508.08	508.19	500.00	2292000	508.08
GOOG	2015-01-16	505.57	501.79	505.68	497.76	2708400	501.79
GOOG	2015-01-15	494.65	500.87	503.23	493.00	2229600	500.87
GOOG	2015-01-14	498.84	496.18	502.98	492.39	2364000	496.18
GOOG	2015-01-13	494.94	492.55	495.98	487.56	2316000	492.55
GOOG	2015-01-10	504.76	496.17	504.92	494.79	2063700	496.17
GOOG	2015-01-09	497.99	502.68	503.48	491.00	3344400	502.68
GOOG	2015-01-08	507.00	501.10	507.24	499.65	2059400	501.10
GOOG	2015-01-07	515.00	501.96	516.17	501.05	2892000	501.96
GOOG	2015-01-06	523.26	513.87	524.33	513.06	2054200	513.87
GOOG	2015-01-03	529.01	524.81	531.27	524.10	1443600	524.81
GOOG	2015-01-01	531.25	526.40	532.60	525.80	1364500	526.40
GOOG	2014-12-31	528.09	530.42	531.15	527.13	873900	530.42
GOOG	2014-12-30	532.19	530.33	535.48	530.01	2272300	530.33
GOOG	2014-12-27	528.77	534.03	534.25	527.31	1033200	534.03
GOOG	2014-12-25	530.51	528.77	531.76	527.02	704000	528.77
GOOG	2014-12-24	527.00	530.59	534.56	526.29	2191600	530.59
GOOG	2014-12-23	516.08	524.87	526.46	516.08	2716300	524.87
GOOG	2014-12-20	511.51	516.35	517.72	506.91	3680100	516.35
GOOG	2014-12-19	512.95	511.10	513.87	504.70	2918700	511.10
GOOG	2014-12-18	497.00	504.89	507.00	496.81	2875300	504.89
GOOG	2014-12-17	511.56	495.39	513.05	489.00	3953400	495.39
GOOG	2014-12-16	522.74	513.80	523.10	513.27	2805700	513.80
GOOG	2014-12-13	523.51	518.66	528.50	518.66	1989100	518.66
GOOG	2014-12-12	527.80	528.34	533.92	527.10	1606400	528.34
GOOG	2014-12-11	533.08	526.06	536.33	525.56	1707600	526.06
GOOG	2014-12-10	522.14	533.37	534.19	520.50	1866200	533.37
GOOG	2014-12-09	527.13	526.98	531.00	523.79	2323000	526.98
GOOG	2014-12-06	531.00	525.26	532.89	524.28	2558600	525.26
GOOG	2014-12-05	531.16	537.31	537.34	528.59	1388300	537.31
GOOG	2014-12-04	531.44	531.32	536.00	529.26	1274500	531.32
GOOG	2014-12-03	533.51	533.75	535.50	529.80	1521600	533.75
GOOG	2014-12-02	538.90	533.80	541.41	531.86	2109600	533.80
GOOG	2014-11-29	540.62	541.83	542.00	536.60	1145200	541.83
GOOG	2014-11-27	540.88	540.37	541.55	537.04	1518800	540.37
GOOG	2014-11-26	539.00	541.08	543.98	538.60	1784200	541.08
GOOG	2014-11-25	537.65	539.27	542.70	535.62	1701300	539.27
GOOG	2014-11-22	541.61	537.50	542.14	536.56	2217600	537.50
GOOG	2014-11-21	531.25	534.83	535.11	531.08	1557700	534.83
GOOG	2014-11-20	535.00	536.99	538.24	530.08	1387800	536.99
GOOG	2014-11-19	537.50	535.03	541.94	534.17	1957300	535.03
GOOG	2014-11-18	543.58	536.51	543.79	534.06	1721100	536.51
GOOG	2014-11-15	546.68	544.40	546.68	542.15	1285700	544.40
GOOG	2014-11-14	549.80	545.38	549.80	543.48	1335700	545.38
GOOG	2014-11-13	550.39	547.31	550.46	545.17	1126300	547.31
GOOG	2014-11-12	548.49	550.29	551.94	546.30	962900	550.29
GOOG	2014-11-11	541.46	547.49	549.59	541.02	1131500	547.49
GOOG	2014-11-08	546.21	541.01	546.21	538.67	1629300	541.01
GOOG	2014-11-07	545.50	542.04	546.89	540.97	1329600	542.04
GOOG	2014-11-06	556.80	545.92	556.80	544.05	2026700	545.92
GOOG	2014-11-05	553.00	554.11	555.50	549.30	1240800	554.11
GOOG	2014-11-04	555.50	555.22	557.90	553.23	1378500	555.22
GOOG	2014-11-01	559.35	559.08	559.57	554.75	2029500	559.08
GOOG	2014-10-31	548.95	550.31	552.80	543.51	1451500	550.31
GOOG	2014-10-30	550.00	549.33	554.19	546.98	1765700	549.33
GOOG	2014-10-29	543.00	548.90	548.98	541.62	1267500	548.90
GOOG	2014-10-28	537.03	540.77	544.41	537.03	1182100	540.77
GOOG	2014-10-25	544.36	539.78	544.88	535.79	1967700	539.78
GOOG	2014-10-24	539.32	543.98	547.22	535.85	2342400	543.98
GOOG	2014-10-23	529.89	532.71	539.80	528.80	2911300	532.71
GOOG	2014-10-22	525.19	526.54	526.79	519.11	2329900	526.54
GOOG	2014-10-21	509.45	520.84	521.76	508.10	2600400	520.84
GOOG	2014-10-18	527.25	511.17	530.98	508.53	5524200	511.17
GOOG	2014-10-17	519.00	524.51	529.43	515.00	3698400	524.51
GOOG	2014-10-16	531.01	530.03	532.80	518.30	3709200	530.03
GOOG	2014-10-15	538.90	537.94	547.19	533.17	2216500	537.94
GOOG	2014-10-14	544.99	533.21	549.50	533.10	2574600	533.21
GOOG	2014-10-11	557.72	544.49	565.13	544.05	3073500	544.49
GOOG	2014-10-10	571.18	560.88	571.49	559.06	2517900	560.88
GOOG	2014-10-09	565.57	572.50	573.88	557.49	1985400	572.50
GOOG	2014-10-08	574.40	563.74	575.27	563.74	1906100	563.74
GOOG	2014-10-07	578.80	577.35	581.00	574.44	1211300	577.35
GOOG	2014-10-04	573.05	575.28	577.22	572.50	1138600	575.28
GOOG	2014-10-03	567.31	570.08	571.91	563.32	1175200	570.08
GOOG	2014-10-02	576.01	568.27	577.58	567.01	1441500	568.27
GOOG	2014-10-01	576.93	577.36	579.85	572.85	1617300	577.36
GOOG	2014-09-30	571.75	576.36	578.19	571.17	1278900	576.36
GOOG	2014-09-27	576.06	577.10	579.25	574.66	1439700	577.10
GOOG	2014-09-26	587.55	575.06	587.98	574.18	1920700	575.06
GOOG	2014-09-25	581.46	587.99	589.63	580.52	1723400	587.99
GOOG	2014-09-24	586.85	581.13	586.85	581.00	1467400	581.13
GOOG	2014-09-23	593.82	587.37	593.95	583.46	1684900	587.37
GOOG	2014-09-20	591.50	596.08	596.48	589.50	3726400	596.08
GOOG	2014-09-19	587.00	589.27	589.54	585.00	1440600	589.27
GOOG	2014-09-18	580.01	584.77	587.52	578.78	1688200	584.77
GOOG	2014-09-17	572.76	579.95	581.50	572.66	1476300	579.95
GOOG	2014-09-16	572.94	573.10	574.95	568.21	1593200	573.10
GOOG	2014-09-13	581.00	575.62	581.64	574.46	1597300	575.62
GOOG	2014-09-12	580.36	581.35	581.81	576.26	1217700	581.35
GOOG	2014-09-11	581.50	583.10	583.50	576.94	974700	583.10
GOOG	2014-09-10	588.90	581.01	589.00	580.00	1283700	581.01
GOOG	2014-09-09	586.60	589.72	591.77	586.30	1427100	589.72
GOOG	2014-09-06	583.98	586.08	586.55	581.95	1627900	586.08
GOOG	2014-09-05	580.00	581.98	586.00	579.22	1454200	581.98
GOOG	2014-09-04	580.00	577.94	582.99	575.00	1211800	577.94
GOOG	2014-09-03	571.85	577.33	577.83	571.19	1574100	577.33
GOOG	2014-08-30	571.33	571.60	572.04	567.07	1080800	571.60
GOOG	2014-08-29	569.56	569.20	573.25	567.10	1289400	569.20
GOOG	2014-08-28	577.27	571.00	578.49	570.10	1698700	571.00
GOOG	2014-08-27	581.26	577.86	581.80	576.58	1635200	577.86
GOOG	2014-08-26	584.72	580.20	585.00	579.00	1357700	580.20
GOOG	2014-08-23	583.59	582.56	585.24	580.64	786900	582.56
GOOG	2014-08-22	583.82	583.37	584.50	581.14	912300	583.37
GOOG	2014-08-21	585.88	584.49	586.70	582.57	1033900	584.49
GOOG	2014-08-20	585.00	586.86	587.34	584.00	976000	586.86
GOOG	2014-08-19	576.11	582.16	584.51	576.00	1280600	582.16
GOOG	2014-08-16	577.86	573.48	579.38	570.52	1515000	573.48
GOOG	2014-08-15	576.18	574.65	577.90	570.88	982800	574.65
GOOG	2014-08-14	567.31	574.78	575.00	565.75	1437900	574.78
GOOG	2014-08-13	564.52	562.73	565.90	560.88	1537800	562.73
GOOG	2014-08-12	569.99	567.88	570.49	566.00	1211400	567.88
GOOG	2014-08-09	563.56	568.77	570.25	560.35	1490700	568.77
GOOG	2014-08-08	568.00	563.36	569.89	561.10	1107900	563.36
GOOG	2014-08-07	561.78	566.37	570.70	560.00	1330700	566.37
GOOG	2014-08-06	570.05	565.07	571.98	562.61	1547000	565.07
GOOG	2014-08-05	569.04	573.15	575.35	564.10	1423400	573.15
GOOG	2014-08-02	570.40	566.07	575.96	562.85	1949900	566.07
GOOG	2014-08-01	580.60	571.60	583.65	570.00	2097000	571.60
GOOG	2014-07-31	586.55	587.42	589.50	584.00	1013700	587.42
GOOG	2014-07-30	588.75	585.61	589.70	583.52	1346200	585.61
GOOG	2014-07-29	588.07	590.60	592.50	584.75	984100	590.60
GOOG	2014-07-26	590.40	589.02	591.86	587.03	929900	589.02
GOOG	2014-07-25	596.45	593.35	599.50	591.77	1032300	593.35
GOOG	2014-07-24	593.23	595.98	597.85	592.50	1229800	595.98
GOOG	2014-07-23	590.72	594.74	599.65	590.60	1694500	594.74
GOOG	2014-07-22	591.75	589.47	594.40	585.23	2056500	589.47
GOOG	2014-07-19	593.00	595.08	596.80	582.00	4003200	595.08
GOOG	2014-07-18	579.53	573.73	580.99	568.61	3008300	573.73
GOOG	2014-07-17	588.00	582.66	588.40	582.20	1393300	582.66
GOOG	2014-07-16	585.74	584.78	585.80	576.56	1618600	584.78
GOOG	2014-07-15	582.60	584.87	585.21	578.03	1849000	584.87
GOOG	2014-07-12	571.91	579.18	580.85	571.42	1617300	579.18
GOOG	2014-07-11	565.91	571.10	576.59	565.01	1353000	571.10
GOOG	2014-07-10	571.58	576.08	576.72	569.38	1113700	576.08
GOOG	2014-07-09	577.66	571.09	579.53	566.14	1904300	571.09
GOOG	2014-07-08	583.76	582.25	586.43	579.59	1061700	582.25
GOOG	2014-07-04	583.35	584.73	585.01	580.92	712200	584.73
GOOG	2014-07-03	583.35	582.34	585.44	580.39	1053500	582.34
GOOG	2014-07-02	578.32	582.67	584.40	576.65	1444000	582.67
GOOG	2014-07-01	578.66	575.28	579.57	574.75	1310200	575.28
GOOG	2014-06-28	577.18	577.24	579.87	573.80	2230800	577.24
GOOG	2014-06-27	581.00	576.00	582.45	571.85	1737200	576.00
GOOG	2014-06-26	565.26	578.65	579.96	565.22	1964000	578.65
GOOG	2014-06-25	565.19	564.62	572.65	561.01	2201100	564.62
GOOG	2014-06-24	555.15	564.95	565.00	554.25	1532600	564.95
GOOG	2014-06-21	556.85	556.36	557.58	550.39	4496000	556.36
GOOG	2014-06-20	554.24	554.90	555.00	548.51	2450100	554.90
GOOG	2014-06-19	544.86	553.37	553.56	544.00	1737000	553.37
GOOG	2014-06-18	544.20	543.01	545.32	539.33	1440600	543.01
GOOG	2014-06-17	549.26	544.28	549.62	541.52	1697900	544.28
GOOG	2014-06-14	552.26	551.76	552.30	545.56	1217200	551.76
GOOG	2014-06-13	557.30	551.35	557.99	548.46	1454500	551.35
GOOG	2014-06-12	558.00	558.84	559.88	555.02	1097100	558.84
GOOG	2014-06-11	560.51	560.55	563.60	557.90	1348000	560.55
GOOG	2014-06-10	557.15	562.12	562.90	556.04	1463500	562.12
GOOG	2014-06-07	558.06	556.33	558.06	548.93	1732000	556.33
GOOG	2014-06-06	546.40	553.90	554.95	544.45	1684500	553.90
GOOG	2014-06-05	541.50	544.66	548.61	538.75	1811500	544.66
GOOG	2014-06-04	550.99	544.94	552.34	542.55	1861500	544.94
GOOG	2014-06-03	560.70	553.93	560.90	545.73	1431100	553.93
GOOG	2014-05-31	560.80	559.89	561.35	555.91	1766300	559.89
GOOG	2014-05-30	563.35	560.08	564.00	558.71	1350400	560.08
GOOG	2014-05-29	564.57	561.68	567.84	561.00	1647500	561.68
GOOG	2014-05-28	556.00	565.95	566.00	554.35	2098400	565.95
GOOG	2014-05-24	547.26	552.70	553.64	543.70	1926900	552.70
GOOG	2014-05-23	541.13	545.06	547.60	540.78	1611400	545.06
GOOG	2014-05-22	532.90	538.94	539.18	531.91	1193000	538.94
GOOG	2014-05-21	529.74	529.77	536.23	526.30	1779900	529.77
GOOG	2014-05-20	519.70	528.86	529.78	517.58	1274300	528.86
GOOG	2014-05-17	521.39	520.63	521.80	515.44	1481200	520.63
GOOG	2014-05-16	525.70	519.98	525.87	517.42	1699700	519.98
GOOG	2014-05-15	533.00	526.65	533.00	525.29	1188500	526.65
GOOG	2014-05-14	530.89	533.09	536.07	529.51	1648900	533.09
GOOG	2014-05-13	523.51	529.92	530.19	519.01	1907300	529.92
GOOG	2014-05-10	510.75	518.73	519.90	504.20	2432800	518.73
GOOG	2014-05-09	508.46	511.00	517.23	506.45	2015800	511.00
GOOG	2014-05-08	515.79	509.96	516.68	503.30	3215500	509.96
GOOG	2014-05-07	525.23	515.14	526.81	515.06	1684400	515.14
GOOG	2014-05-06	524.82	527.81	528.90	521.32	1021300	527.81
GOOG	2014-05-03	533.76	527.93	534.00	525.61	1683900	527.93
GOOG	2014-05-02	527.11	531.35	532.93	523.88	1900300	531.35
GOOG	2014-05-01	527.60	526.66	528.00	522.52	1746400	526.66
GOOG	2014-04-30	516.90	527.70	529.46	516.32	2691700	527.70
GOOG	2014-04-29	517.18	517.15	518.60	502.80	3326400	517.15
GOOG	2014-04-26	522.51	516.18	524.70	515.42	2094600	516.18
GOOG	2014-04-25	530.07	525.16	531.65	522.12	1878000	525.16
GOOG	2014-04-24	533.79	526.94	533.87	526.25	2046700	526.94
GOOG	2014-04-23	528.64	534.81	537.23	527.51	2358900	534.81
GOOG	2014-04-22	536.10	528.62	536.70	525.60	2559700	528.62
GOOG	2014-04-18	548.81	536.10	549.50	531.15	6790900	536.10
GOOG	2014-04-17	543.00	556.54	557.00	540.00	4879900	556.54
GOOG	2014-04-16	536.82	536.44	538.45	518.46	3844500	536.44
GOOG	2014-04-15	538.25	532.52	544.10	529.56	2568000	532.52
GOOG	2014-04-12	532.55	530.60	540.00	526.53	3914100	530.60
GOOG	2014-04-11	565.00	540.95	565.00	539.90	4025800	540.95
GOOG	2014-04-10	559.62	564.14	565.37	552.95	3321700	564.14
GOOG	2014-04-09	542.60	554.90	555.00	541.61	3142600	554.90
GOOG	2014-04-08	540.74	538.15	548.48	527.15	4389600	538.15
GOOG	2014-04-05	574.65	543.14	577.77	543.00	6351900	543.14
GOOG	2014-04-04	569.85	569.74	587.28	564.13	5085200	569.74
GOOG	2014-04-03	599.99	567.00	604.83	562.19	146700	567.00
GOOG	2014-04-02	558.71	567.16	568.45	558.71	7900	567.16
GOOG	2014-04-01	566.89	556.97	567.00	556.93	10800	556.97
GOOG	2014-03-29	561.20	559.99	566.43	558.67	41100	559.99
GOOG	2014-03-28	568.00	558.46	568.00	552.92	13100	558.46
YHOO	2015-03-04	43.70	42.62	43.95	42.42	22291000	42.62
YHOO	2015-03-03	44.06	44.11	44.43	43.70	10927600	44.11
YHOO	2015-02-28	44.38	44.28	44.57	44.05	10014700	44.28
YHOO	2015-02-27	44.60	44.45	44.76	44.26	9223800	44.45
YHOO	2015-02-26	43.21	44.43	44.72	43.21	17922900	44.43
YHOO	2015-02-25	43.45	43.38	43.52	42.91	9797500	43.38
YHOO	2015-02-24	43.99	43.53	43.99	43.42	12129100	43.53
YHOO	2015-02-21	44.30	44.11	44.36	43.76	12036200	44.11
YHOO	2015-02-20	43.65	44.37	44.42	43.50	13301000	44.37
YHOO	2015-02-19	43.56	43.65	43.82	43.30	10410700	43.65
YHOO	2015-02-18	44.37	43.53	44.54	43.35	12798400	43.53
YHOO	2015-02-14	44.12	44.42	44.59	44.00	13785800	44.42
YHOO	2015-02-13	43.07	43.93	44.16	42.86	18158200	43.93
YHOO	2015-02-12	43.18	42.96	43.26	42.76	9791100	42.96
YHOO	2015-02-11	42.90	43.07	43.18	42.66	12160800	43.07
YHOO	2015-02-10	42.61	42.57	43.15	42.54	15507600	42.57
YHOO	2015-02-07	43.57	42.94	43.66	42.67	16005100	42.94
YHOO	2015-02-06	44.08	43.55	44.26	43.03	18414500	43.55
YHOO	2015-02-05	44.80	44.05	44.98	43.88	16281400	44.05
YHOO	2015-02-04	45.10	44.70	45.25	44.38	16985900	44.70
YHOO	2015-02-03	44.43	44.69	44.76	43.88	20305700	44.69
YHOO	2015-01-31	43.75	43.99	44.85	43.51	36033600	43.99
YHOO	2015-01-30	43.56	43.73	43.80	41.80	74370100	43.73
YHOO	2015-01-29	49.80	46.46	50.32	46.30	84839700	46.46
YHOO	2015-01-28	49.14	47.99	49.28	47.66	45777200	47.99
YHOO	2015-01-27	49.57	49.44	49.79	49.07	18976400	49.44
YHOO	2015-01-24	48.74	48.95	49.23	48.63	14294300	48.95
YHOO	2015-01-23	48.43	48.89	49.08	48.01	12647400	48.89
YHOO	2015-01-22	47.60	48.18	48.38	47.32	16305100	48.18
YHOO	2015-01-21	46.79	47.63	47.89	46.77	15845900	47.63
YHOO	2015-01-17	46.06	46.47	46.59	45.85	14681800	46.47
YHOO	2015-01-16	47.54	46.23	47.75	46.20	17126000	46.23
YHOO	2015-01-15	47.70	47.51	48.09	47.07	15911600	47.51
YHOO	2015-01-14	49.15	48.30	49.48	47.40	21605200	48.30
YHOO	2015-01-13	49.92	48.80	49.93	48.56	10170700	48.80
YHOO	2015-01-10	50.28	49.72	50.41	49.62	7462800	49.72
YHOO	2015-01-09	48.99	50.23	50.23	48.72	14704800	50.23
YHOO	2015-01-08	49.62	48.59	49.64	48.51	11788000	48.59
YHOO	2015-01-07	49.20	49.21	49.88	48.33	16204300	49.21
YHOO	2015-01-06	49.71	49.13	49.88	48.91	14389300	49.13
YHOO	2015-01-03	50.66	50.17	50.78	49.47	11924500	50.17
YHOO	2015-01-01	51.54	50.51	51.68	50.46	9305000	50.51
YHOO	2014-12-31	50.35	51.22	51.27	50.35	10703500	51.22
YHOO	2014-12-30	50.67	50.53	51.01	50.51	6624500	50.53
YHOO	2014-12-27	50.65	50.86	51.06	50.61	5169700	50.86
YHOO	2014-12-25	50.19	50.65	50.92	50.19	5961900	50.65
YHOO	2014-12-24	51.46	50.02	51.46	49.93	15514000	50.02
YHOO	2014-12-23	50.99	51.15	51.60	50.95	24021100	51.15
YHOO	2014-12-20	51.06	50.88	51.47	50.83	24110200	50.88
YHOO	2014-12-19	50.93	50.91	51.15	50.44	15338900	50.91
YHOO	2014-12-18	49.02	50.12	50.25	48.90	17112300	50.12
YHOO	2014-12-17	49.50	48.85	50.08	48.81	21399300	48.85
YHOO	2014-12-16	50.42	49.82	50.92	49.50	18132500	49.82
YHOO	2014-12-13	49.54	50.24	51.17	49.48	20370500	50.24
YHOO	2014-12-12	49.54	49.94	50.58	49.43	21100200	49.94
YHOO	2014-12-11	50.33	49.21	50.69	49.19	16184100	49.21
YHOO	2014-12-10	48.75	50.51	50.53	48.29	19655600	50.51
YHOO	2014-12-09	50.52	49.62	50.90	49.22	18190100	49.62
YHOO	2014-12-06	51.03	50.99	51.25	50.51	15418100	50.99
YHOO	2014-12-05	50.19	50.41	50.67	49.90	12136700	50.41
YHOO	2014-12-04	50.71	50.28	50.97	50.20	14236000	50.28
YHOO	2014-12-03	50.27	50.67	51.12	50.01	16099900	50.67
YHOO	2014-12-02	51.43	50.10	51.43	49.66	23146900	50.10
YHOO	2014-11-29	51.87	51.74	52.00	51.64	8913700	51.74
YHOO	2014-11-27	51.56	51.93	52.26	51.52	13428500	51.93
YHOO	2014-11-26	51.98	51.72	52.19	51.60	14219600	51.72
YHOO	2014-11-25	51.25	51.83	51.83	51.07	14643500	51.83
YHOO	2014-11-22	51.99	51.04	52.25	50.99	22225300	51.04
YHOO	2014-11-21	50.60	51.25	52.23	50.27	28916000	51.25
YHOO	2014-11-20	51.24	50.58	51.37	50.00	29260000	50.58
YHOO	2014-11-19	52.28	51.75	52.62	51.34	26847300	51.75
YHOO	2014-11-18	51.83	52.37	52.42	50.94	38392800	52.37
YHOO	2014-11-15	50.52	51.75	51.95	50.47	28824700	51.75
YHOO	2014-11-14	50.96	50.50	51.17	49.95	35513400	50.50
YHOO	2014-11-13	49.33	50.60	50.63	49.22	30564700	50.60
YHOO	2014-11-12	48.57	49.05	49.18	48.10	31586300	49.05
YHOO	2014-11-11	48.80	49.41	49.63	48.79	24730300	49.41
YHOO	2014-11-08	47.90	48.55	48.67	47.86	24166700	48.55
YHOO	2014-11-07	47.37	47.93	47.98	46.60	22636000	47.93
YHOO	2014-11-06	47.62	47.46	48.28	47.32	33021500	47.46
YHOO	2014-11-05	45.99	47.08	47.13	45.74	25051500	47.08
YHOO	2014-11-04	46.05	46.34	46.72	45.94	17181500	46.34
YHOO	2014-11-01	46.16	46.05	46.52	45.67	18446800	46.05
YHOO	2014-10-31	45.21	45.63	45.84	45.13	16205500	45.63
YHOO	2014-10-30	45.94	45.43	45.98	45.13	25389100	45.43
YHOO	2014-10-29	45.01	45.87	46.15	44.88	36834900	45.87
YHOO	2014-10-28	43.31	44.70	44.82	43.29	36596500	44.70
YHOO	2014-10-25	42.53	43.50	43.65	42.40	33805800	43.50
YHOO	2014-10-24	42.40	42.60	42.83	42.26	30653400	42.60
YHOO	2014-10-23	42.42	42.00	42.88	41.77	69348900	42.00
YHOO	2014-10-22	39.65	40.18	40.48	39.46	41955200	40.18
YHOO	2014-10-21	38.47	39.28	39.40	38.25	17802400	39.28
YHOO	2014-10-18	38.74	38.45	38.98	38.31	24107000	38.45
YHOO	2014-10-17	36.95	38.12	38.50	36.92	26998500	38.12
YHOO	2014-10-16	37.27	37.82	38.08	36.20	41973500	37.82
YHOO	2014-10-15	38.66	37.97	39.00	37.71	38509000	37.97
YHOO	2014-10-14	39.52	38.38	40.07	38.29	38841900	38.38
YHOO	2014-10-11	40.73	39.60	41.07	39.59	36771500	39.60
YHOO	2014-10-10	40.90	41.10	41.25	40.42	33519600	41.10
YHOO	2014-10-09	41.00	41.08	41.29	40.10	26593500	41.08
YHOO	2014-10-08	41.06	40.93	41.29	40.78	22538300	40.93
YHOO	2014-10-07	41.20	41.52	41.73	41.04	23576100	41.52
YHOO	2014-10-04	40.79	41.03	41.69	40.65	38191700	41.03
YHOO	2014-10-03	40.24	40.50	40.64	39.69	24584400	40.50
YHOO	2014-10-02	40.66	40.32	41.24	40.11	35172900	40.32
YHOO	2014-10-01	40.58	40.75	41.23	40.44	30386500	40.75
YHOO	2014-09-30	40.41	40.52	41.09	40.16	35883300	40.52
YHOO	2014-09-27	39.01	40.66	40.80	39.00	62189200	40.66
YHOO	2014-09-26	39.56	38.95	39.80	38.82	35916500	38.95
YHOO	2014-09-25	39.26	39.88	40.10	38.91	49014100	39.88
YHOO	2014-09-24	38.15	39.05	39.27	37.90	66105300	39.05
YHOO	2014-09-23	39.77	38.65	40.04	38.22	109217100	38.65
YHOO	2014-09-20	42.44	40.93	43.19	39.55	233872100	40.93
YHOO	2014-09-19	43.05	42.09	43.32	41.42	93702100	42.09
YHOO	2014-09-18	42.37	42.59	42.96	42.30	39495500	42.59
YHOO	2014-09-17	42.61	42.71	42.96	41.69	61490700	42.71
YHOO	2014-09-16	43.98	42.55	44.01	42.14	72409900	42.55
YHOO	2014-09-13	41.73	42.88	43.20	41.50	69745500	42.88
YHOO	2014-09-12	41.02	41.26	41.56	40.93	25203000	41.26
YHOO	2014-09-11	41.05	41.14	41.23	40.33	30741800	41.14
YHOO	2014-09-10	42.01	40.78	42.06	40.60	52683000	40.78
YHOO	2014-09-09	40.34	41.81	41.82	40.26	75520200	41.81
YHOO	2014-09-06	39.05	39.59	39.80	39.05	26200400	39.59
YHOO	2014-09-05	39.14	39.19	39.34	38.96	14763300	39.19
YHOO	2014-09-04	39.49	38.87	39.60	38.69	16092900	38.87
YHOO	2014-09-03	38.90	39.27	39.30	38.79	19803300	39.27
YHOO	2014-08-30	38.57	38.51	38.67	38.20	11634100	38.51
YHOO	2014-08-29	38.09	38.31	38.57	37.90	16490600	38.31
YHOO	2014-08-28	38.30	38.18	38.72	37.83	24843000	38.18
YHOO	2014-08-27	37.76	37.79	37.92	37.56	9516800	37.79
YHOO	2014-08-26	38.14	37.71	38.22	37.54	14356400	37.71
YHOO	2014-08-23	37.70	38.01	38.20	37.64	14879100	38.01
YHOO	2014-08-22	37.65	37.64	37.75	37.31	12254900	37.64
YHOO	2014-08-21	37.61	37.50	37.75	37.31	12670300	37.50
YHOO	2014-08-20	37.56	37.83	37.94	37.50	17084900	37.83
YHOO	2014-08-19	36.77	37.38	37.77	36.75	20153200	37.38
YHOO	2014-08-16	36.20	36.47	36.57	36.12	13338900	36.47
YHOO	2014-08-15	36.32	36.36	36.42	36.17	8927300	36.36
YHOO	2014-08-14	35.96	36.19	36.45	35.77	16532300	36.19
YHOO	2014-08-13	35.80	35.52	35.99	35.15	12902700	35.52
YHOO	2014-08-12	36.10	35.79	36.15	35.75	8660100	35.79
YHOO	2014-08-09	35.73	35.91	35.96	35.40	10593700	35.91
YHOO	2014-08-08	36.00	35.66	36.00	35.53	11306600	35.66
YHOO	2014-08-07	35.58	35.79	35.94	35.44	11770500	35.79
YHOO	2014-08-06	36.32	35.70	36.42	35.62	17636400	35.70
YHOO	2014-08-05	35.71	36.53	36.66	35.65	13097200	36.53
YHOO	2014-08-02	35.69	35.62	36.08	35.31	14573000	35.62
YHOO	2014-08-01	36.26	35.81	36.49	35.68	17937400	35.81
YHOO	2014-07-31	35.94	36.60	36.99	35.80	29876700	36.60
YHOO	2014-07-30	35.91	35.68	36.16	35.67	11570900	35.68
YHOO	2014-07-29	36.23	35.90	36.23	35.51	14607200	35.90
YHOO	2014-07-26	36.00	36.12	36.33	35.75	20143800	36.12
YHOO	2014-07-25	35.09	36.17	36.55	35.04	47391000	36.17
YHOO	2014-07-24	33.78	34.71	34.92	33.68	38622500	34.71
YHOO	2014-07-23	33.48	33.60	33.84	33.40	18153600	33.60
YHOO	2014-07-22	33.35	33.28	33.64	33.16	18431000	33.28
YHOO	2014-07-19	33.18	33.33	33.35	32.93	21540900	33.33
YHOO	2014-07-18	33.82	33.21	33.90	32.98	37535900	33.21
YHOO	2014-07-17	34.42	33.79	34.45	33.72	56260600	33.79
YHOO	2014-07-16	35.72	35.61	35.94	35.20	36316600	35.61
YHOO	2014-07-15	35.80	35.70	35.95	35.45	18680500	35.70
YHOO	2014-07-12	34.95	35.43	35.56	34.78	18379500	35.43
YHOO	2014-07-11	34.33	34.93	34.97	34.10	18064800	34.93
YHOO	2014-07-10	34.68	34.85	35.07	34.68	12626900	34.85
YHOO	2014-07-09	35.64	34.53	35.66	34.28	23096900	34.53
YHOO	2014-07-08	36.15	35.52	36.23	35.48	15716800	35.52
YHOO	2014-07-04	36.07	36.14	36.15	35.90	8604900	36.14
YHOO	2014-07-03	35.62	35.88	35.91	35.40	16533600	35.88
YHOO	2014-07-02	35.50	35.35	35.70	35.21	18609600	35.35
YHOO	2014-07-01	34.93	35.13	35.26	34.85	20450100	35.13
YHOO	2014-06-28	33.85	34.25	34.55	33.70	25500600	34.25
YHOO	2014-06-27	33.25	33.66	33.75	33.02	16010000	33.66
YHOO	2014-06-26	33.38	33.25	33.65	33.10	18074400	33.25
YHOO	2014-06-25	33.79	33.48	33.99	33.35	14589800	33.48
YHOO	2014-06-24	34.13	33.64	34.22	33.37	26206400	33.64
YHOO	2014-06-21	34.81	34.05	34.81	33.97	21605800	34.05
YHOO	2014-06-20	35.14	34.68	35.20	34.52	16200000	34.68
YHOO	2014-06-19	34.67	34.94	35.01	34.26	17836000	34.94
YHOO	2014-06-18	34.80	34.43	34.94	34.30	24402900	34.43
YHOO	2014-06-17	35.00	34.81	35.49	34.77	32432300	34.81
YHOO	2014-06-14	36.88	36.94	37.06	36.64	12926300	36.94
YHOO	2014-06-13	36.50	36.78	36.79	36.34	12466100	36.78
YHOO	2014-06-12	36.25	36.63	36.84	36.11	13321500	36.63
YHOO	2014-06-11	35.87	36.31	36.52	35.86	9179300	36.31
YHOO	2014-06-10	35.86	36.04	36.32	35.54	14390000	36.04
YHOO	2014-06-07	35.06	35.92	36.08	35.05	18707200	35.92
YHOO	2014-06-06	34.79	34.94	34.99	34.36	11192800	34.94
YHOO	2014-06-05	34.48	34.73	34.83	34.26	9434100	34.73
YHOO	2014-06-04	34.80	34.65	34.97	34.58	6557500	34.65
YHOO	2014-06-03	34.69	34.87	34.95	34.28	9178900	34.87
YHOO	2014-05-31	34.92	34.65	34.93	34.13	13153000	34.65
YHOO	2014-05-30	34.90	34.90	35.10	34.67	9780800	34.90
YHOO	2014-05-29	35.15	34.78	35.17	34.42	16960500	34.78
YHOO	2014-05-28	35.00	35.12	35.13	34.73	13057000	35.12
YHOO	2014-05-24	34.85	35.02	35.08	34.51	16294400	35.02
YHOO	2014-05-23	34.60	34.70	34.86	34.26	17522800	34.70
YHOO	2014-05-22	34.00	34.36	34.39	33.89	13804500	34.36
YHOO	2014-05-21	33.99	33.87	34.47	33.67	18596700	33.87
YHOO	2014-05-20	33.41	33.89	33.99	33.28	14845700	33.89
YHOO	2014-05-17	33.66	33.41	33.66	33.10	18847100	33.41
YHOO	2014-05-16	34.18	33.80	34.19	33.40	18879800	33.80
YHOO	2014-05-15	34.48	34.17	34.65	33.98	17039000	34.17
YHOO	2014-05-14	34.43	34.40	34.69	34.17	12477100	34.40
YHOO	2014-05-13	33.99	34.45	34.60	33.87	22520600	34.45
YHOO	2014-05-10	34.01	33.76	34.10	33.41	20303400	33.76
YHOO	2014-05-09	33.88	33.92	34.57	33.61	30407700	33.92
YHOO	2014-05-08	35.99	34.07	35.99	33.67	66062700	34.07
YHOO	2014-05-07	36.94	36.49	37.17	36.48	19156000	36.49
YHOO	2014-05-06	36.68	36.91	37.05	36.30	13129100	36.91
YHOO	2014-05-03	36.59	36.87	37.12	36.21	22454100	36.87
YHOO	2014-05-02	36.26	36.51	36.69	36.00	19474700	36.51
YHOO	2014-05-01	35.89	35.95	36.44	35.25	23341500	35.95
YHOO	2014-04-30	34.37	35.83	35.89	34.12	28736000	35.83
YHOO	2014-04-29	34.67	33.99	35.00	33.65	31019200	33.99
YHOO	2014-04-26	35.03	34.48	35.10	34.29	19401600	34.48
YHOO	2014-04-25	35.82	35.24	35.82	34.77	17242300	35.24
YHOO	2014-04-24	36.08	35.44	36.19	35.40	19051700	35.44
YHOO	2014-04-23	36.71	36.14	36.85	36.11	17915200	36.14
YHOO	2014-04-22	36.60	36.40	36.65	35.89	16685400	36.40
YHOO	2014-04-18	36.29	36.38	36.60	35.55	28932700	36.38
YHOO	2014-04-17	36.98	36.35	37.30	35.81	61599100	36.35
YHOO	2014-04-16	33.93	34.21	34.28	32.64	50600400	34.21
YHOO	2014-04-15	33.55	33.45	34.04	33.04	26322600	33.45
YHOO	2014-04-12	32.64	32.87	33.48	32.15	28040700	32.87
YHOO	2014-04-11	34.88	33.40	34.98	33.09	34024900	33.40
YHOO	2014-04-10	34.19	34.87	35.00	33.95	21651200	34.87
YHOO	2014-04-09	33.10	33.83	34.43	33.02	35486100	33.83
YHOO	2014-04-08	34.11	33.07	34.37	32.53	47770200	33.07
YHOO	2014-04-05	36.01	34.26	36.05	33.83	41049900	34.26
YHOO	2014-04-04	36.66	35.76	36.79	35.51	16827800	35.76
YHOO	2014-04-03	36.68	36.64	36.86	36.56	14522800	36.64
YHOO	2014-04-02	36.16	36.49	36.86	36.15	15734000	36.49
YHOO	2014-04-01	36.46	35.90	36.58	35.73	15153200	35.90
YHOO	2014-03-29	35.77	35.90	36.73	35.53	18292900	35.90
YHOO	2014-03-28	35.50	35.59	36.15	35.05	21929600	35.59
YHOO	2014-03-27	36.24	35.45	36.74	35.45	20938800	35.45
YHOO	2014-03-26	37.00	35.93	37.07	35.86	31715100	35.93
YHOO	2014-03-25	38.00	36.68	38.04	36.28	29589000	36.68
YHOO	2014-03-22	38.10	37.94	38.27	37.73	16044200	37.94
YHOO	2014-03-21	38.37	37.77	38.47	37.42	19517000	37.77
YHOO	2014-03-20	39.66	38.61	39.94	38.51	19324600	38.61
YHOO	2014-03-19	39.00	39.45	39.51	38.80	16934700	39.45
YHOO	2014-03-18	39.00	39.11	39.36	38.61	29698300	39.11
YHOO	2014-03-15	36.69	37.60	38.19	36.45	30862300	37.60
YHOO	2014-03-14	38.05	37.23	38.42	36.81	21179700	37.23
YHOO	2014-03-13	37.21	37.50	37.61	36.48	14794700	37.50
YHOO	2014-03-12	38.25	37.56	38.30	37.43	12592300	37.56
YHOO	2014-03-11	38.63	38.05	38.78	37.91	11819200	38.05
YHOO	2014-03-08	39.71	38.70	39.91	38.45	14455500	38.70
YHOO	2014-03-07	39.60	39.66	39.98	39.50	10626700	39.66
YHOO	2014-03-06	39.83	39.50	40.15	39.19	12536800	39.50
YHOO	2014-03-05	38.76	39.63	39.79	38.68	16139400	39.63
INTC	2015-03-04	33.95	34.10	34.38	33.91	27205700	34.10
INTC	2015-03-03	33.29	34.06	34.13	33.12	25406400	34.06
INTC	2015-02-28	33.63	33.25	33.64	33.21	24427300	33.25
INTC	2015-02-27	33.62	33.65	33.88	33.43	25928400	33.65
INTC	2015-02-26	34.03	33.95	34.15	33.73	24686300	33.95
INTC	2015-02-25	33.61	34.41	34.49	33.51	29607500	34.41
INTC	2015-02-24	34.40	33.76	34.50	33.58	25565500	33.76
INTC	2015-02-21	34.15	34.41	34.57	33.91	20955600	34.41
INTC	2015-02-20	34.25	34.21	34.42	34.05	11017500	34.21
INTC	2015-02-19	34.65	34.27	34.71	34.19	19992900	34.27
INTC	2015-02-18	34.40	34.74	34.75	34.26	19374100	34.74
INTC	2015-02-14	34.25	34.36	34.37	33.95	18037900	34.36
INTC	2015-02-13	33.98	34.13	34.13	33.76	20056700	34.13
INTC	2015-02-12	33.67	33.55	33.76	33.32	18364200	33.55
INTC	2015-02-11	33.20	33.70	33.73	33.05	20200000	33.70
INTC	2015-02-10	33.00	32.93	33.24	32.67	28705500	32.93
INTC	2015-02-07	33.92	33.30	34.00	33.14	29124600	33.30
INTC	2015-02-06	33.68	33.94	33.99	33.45	20491400	33.94
INTC	2015-02-05	33.67	33.60	33.84	33.30	25052800	33.60
INTC	2015-02-04	33.78	33.70	34.05	32.61	36038300	33.46
INTC	2015-02-03	33.06	33.65	33.75	32.65	38733800	33.41
INTC	2015-01-31	33.70	33.04	33.99	33.00	38719700	32.80
INTC	2015-01-30	33.84	34.21	34.28	33.46	29569400	33.97
INTC	2015-01-29	34.47	33.78	34.70	33.72	34929100	33.54
INTC	2015-01-28	34.40	34.19	34.72	33.55	58456200	33.95
INTC	2015-01-27	36.19	35.81	36.30	35.57	30906800	35.55
INTC	2015-01-24	36.96	36.45	37.03	36.38	27427100	36.19
INTC	2015-01-23	36.56	36.91	37.00	36.14	31809900	36.65
INTC	2015-01-22	35.85	36.48	36.68	35.77	27442600	36.22
INTC	2015-01-21	36.10	36.09	36.46	35.57	35929400	35.83
INTC	2015-01-17	36.12	36.45	36.66	35.51	62812200	36.19
INTC	2015-01-16	36.53	36.19	36.88	36.03	47181800	35.93
INTC	2015-01-15	36.33	36.35	36.91	35.91	34250300	36.09
INTC	2015-01-14	36.87	36.50	37.49	36.29	31478000	36.24
INTC	2015-01-13	36.90	36.60	37.00	36.23	29400800	36.34
INTC	2015-01-10	36.77	36.76	37.11	36.40	22846000	36.50
INTC	2015-01-09	36.37	36.69	37.00	36.26	31765400	36.43
INTC	2015-01-08	35.64	36.02	36.07	35.27	27725200	35.76
INTC	2015-01-07	36.08	35.28	36.23	35.26	30847600	35.03
INTC	2015-01-06	36.20	35.95	36.45	35.94	32785000	35.69
INTC	2015-01-03	36.67	36.36	37.16	36.11	23605600	36.10
INTC	2015-01-01	36.63	36.29	37.04	36.29	20393600	36.03
INTC	2014-12-31	37.08	36.76	37.19	36.76	15214100	36.50
INTC	2014-12-30	37.45	37.18	37.52	37.17	12203300	36.92
INTC	2014-12-27	37.52	37.55	37.74	37.52	14037200	37.28
INTC	2014-12-25	37.47	37.44	37.60	37.18	12109100	37.17
INTC	2014-12-24	37.40	37.43	37.70	37.30	22169700	37.16
INTC	2014-12-23	36.39	37.21	37.26	36.39	29227100	36.95
INTC	2014-12-20	37.02	36.37	37.16	36.23	76786800	36.11
INTC	2014-12-19	36.75	37.02	37.02	36.43	32128100	36.76
INTC	2014-12-18	35.62	36.24	36.33	35.33	31637700	35.98
INTC	2014-12-17	35.86	35.56	36.50	35.56	31166300	35.31
INTC	2014-12-16	36.39	35.92	36.78	35.90	30633400	35.66
INTC	2014-12-13	36.45	36.23	36.82	36.22	29322500	35.97
INTC	2014-12-12	36.50	36.70	37.21	36.44	25088200	36.44
INTC	2014-12-11	36.93	36.42	37.02	36.30	27499900	36.16
INTC	2014-12-10	36.67	36.89	37.09	36.30	28487300	36.63
INTC	2014-12-09	37.46	37.20	37.73	36.94	28134800	36.94
INTC	2014-12-06	37.57	37.67	37.90	37.52	20527600	37.40
INTC	2014-12-05	37.40	37.46	37.46	37.04	23359100	37.19
INTC	2014-12-04	37.68	37.43	37.89	37.41	30660800	37.16
INTC	2014-12-03	37.18	37.60	37.60	37.18	28343700	37.33
INTC	2014-12-02	37.21	37.17	37.62	36.90	30904000	36.91
INTC	2014-11-29	37.04	37.25	37.69	36.94	19128500	36.98
INTC	2014-11-27	36.37	36.90	36.99	36.28	24060000	36.64
INTC	2014-11-26	36.36	36.32	36.48	36.15	29088500	36.06
INTC	2014-11-25	35.89	36.25	36.43	35.84	33317900	35.99
INTC	2014-11-22	35.98	35.59	36.46	35.50	56720400	35.34
INTC	2014-11-21	34.14	35.95	35.97	34.00	61994700	35.69
INTC	2014-11-20	34.69	34.35	34.79	34.25	21289500	34.11
INTC	2014-11-19	34.19	34.71	34.90	34.16	30674800	34.46
INTC	2014-11-18	33.82	34.24	34.25	33.76	17646000	34.00
INTC	2014-11-15	33.75	33.95	33.97	33.35	18102500	33.71
INTC	2014-11-14	33.35	33.68	33.86	33.34	26447400	33.44
INTC	2014-11-13	33.23	33.38	33.42	33.00	22854400	33.14
INTC	2014-11-12	33.36	33.31	33.54	33.20	19676600	33.07
INTC	2014-11-11	33.43	33.26	33.49	33.08	30653600	33.02
INTC	2014-11-08	33.98	33.58	34.00	33.19	27604500	33.34
INTC	2014-11-07	33.69	33.82	34.23	33.41	25240600	33.58
INTC	2014-11-06	34.05	33.76	34.10	33.60	34705500	33.52
INTC	2014-11-05	34.25	34.54	34.78	34.21	34695900	34.07
INTC	2014-11-04	33.81	34.31	34.48	33.79	28703600	33.84
INTC	2014-11-01	33.74	34.01	34.01	32.63	52089700	33.55
INTC	2014-10-31	33.58	32.58	33.61	32.40	55217900	32.14
INTC	2014-10-30	33.76	33.92	33.97	33.51	24615200	33.46
INTC	2014-10-29	33.23	33.74	33.75	33.23	21857800	33.28
INTC	2014-10-28	33.08	33.20	33.30	32.77	23751900	32.75
INTC	2014-10-25	32.72	33.18	33.33	32.57	27814300	32.73
INTC	2014-10-24	32.72	32.69	32.91	32.60	22254900	32.25
INTC	2014-10-23	32.66	32.27	32.87	32.22	26725600	31.83
INTC	2014-10-22	31.67	32.61	32.62	31.58	33278400	32.17
INTC	2014-10-21	31.04	31.58	31.70	30.90	30523700	31.15
INTC	2014-10-18	31.20	31.38	31.71	30.97	37504500	30.95
INTC	2014-10-17	30.89	30.85	31.51	30.75	47787400	30.43
INTC	2014-10-16	30.54	31.28	31.65	29.65	92305200	30.85
INTC	2014-10-15	31.99	32.14	32.67	31.71	68671000	31.70
INTC	2014-10-14	31.72	31.47	32.37	31.47	42110200	31.04
INTC	2014-10-11	32.62	31.91	32.86	30.50	80917600	31.48
INTC	2014-10-10	34.15	33.62	34.43	33.58	28185700	33.16
INTC	2014-10-09	33.49	34.27	34.37	33.14	34960600	33.80
INTC	2014-10-08	34.04	33.47	34.05	33.42	25972100	33.02
INTC	2014-10-07	34.15	34.11	34.48	33.87	24321100	33.65
INTC	2014-10-04	33.66	34.03	34.18	33.47	25834600	33.57
INTC	2014-10-03	33.96	33.52	34.00	33.26	32910800	33.06
INTC	2014-10-02	34.61	33.99	34.78	33.84	35086600	33.53
INTC	2014-10-01	34.90	34.82	35.00	34.41	35274600	34.35
INTC	2014-09-30	34.06	34.90	34.99	33.94	29003100	34.43
INTC	2014-09-27	34.26	34.26	34.36	33.63	25882300	33.79
INTC	2014-09-26	34.68	34.14	34.79	33.88	34639700	33.68
INTC	2014-09-25	34.40	34.75	34.85	34.37	18829000	34.28
INTC	2014-09-24	34.71	34.42	34.71	34.38	25690700	33.95
INTC	2014-09-23	34.78	34.71	35.03	34.55	25447700	34.24
INTC	2014-09-20	35.16	34.82	35.22	34.82	46851900	34.35
INTC	2014-09-19	35.12	35.17	35.17	34.86	23809600	34.69
INTC	2014-09-18	34.91	34.98	35.20	34.74	26278900	34.50
INTC	2014-09-17	34.47	34.93	35.08	34.47	20875700	34.46
INTC	2014-09-16	34.71	34.54	34.77	34.23	22438000	34.07
INTC	2014-09-13	34.90	34.62	34.91	34.50	26732600	34.15
INTC	2014-09-12	34.79	35.02	35.02	34.53	21949000	34.54
INTC	2014-09-11	34.85	35.02	35.13	34.67	19964200	34.54
INTC	2014-09-10	35.29	34.91	35.29	34.85	22333100	34.44
INTC	2014-09-09	34.96	35.33	35.56	34.88	24859600	34.85
INTC	2014-09-06	34.92	35.00	35.12	34.83	20841900	34.52
INTC	2014-09-05	34.53	34.91	35.09	34.52	27632400	34.44
INTC	2014-09-04	34.82	34.57	34.88	34.45	26668800	34.10
INTC	2014-09-03	34.76	34.57	34.91	34.43	32094800	34.10
INTC	2014-08-30	34.81	34.92	34.94	34.67	32302800	34.45
INTC	2014-08-29	34.61	34.65	34.81	34.61	18908900	34.18
INTC	2014-08-28	34.89	34.79	34.94	34.63	17168900	34.32
INTC	2014-08-27	34.79	34.80	35.05	34.69	19664700	34.33
INTC	2014-08-26	35.09	34.81	35.15	34.65	18614500	34.34
INTC	2014-08-23	35.20	34.94	35.20	34.91	21196700	34.47
INTC	2014-08-22	34.46	35.15	35.19	34.45	37164900	34.67
INTC	2014-08-21	34.23	34.50	34.51	34.18	27140300	34.03
INTC	2014-08-20	34.50	34.34	34.50	34.25	29281900	33.87
INTC	2014-08-19	34.26	34.41	34.47	33.98	27232200	33.94
INTC	2014-08-16	34.10	34.17	34.21	33.71	28577600	33.71
INTC	2014-08-15	34.05	33.94	34.23	33.74	25458000	33.48
INTC	2014-08-14	33.24	34.10	34.15	33.23	36291000	33.64
INTC	2014-08-13	32.91	33.13	33.15	32.68	24805600	32.68
INTC	2014-08-12	32.82	33.02	33.24	32.81	27718600	32.57
INTC	2014-08-09	32.78	32.60	33.00	32.54	35484000	32.16
INTC	2014-08-08	32.93	32.68	33.15	32.54	27820100	32.24
INTC	2014-08-07	32.60	32.85	33.19	32.39	27923900	32.40
INTC	2014-08-06	33.76	32.82	33.78	32.60	49845100	32.37
INTC	2014-08-05	33.79	34.05	34.09	33.55	27250100	33.37
INTC	2014-08-02	33.75	33.74	34.03	33.61	33472400	33.06
INTC	2014-08-01	34.09	33.89	34.25	33.81	35431200	33.21
INTC	2014-07-31	34.31	34.35	34.57	34.04	32782800	33.66
INTC	2014-07-30	34.27	34.19	34.37	34.09	26141700	33.50
INTC	2014-07-29	34.23	34.23	34.32	33.88	30972200	33.54
INTC	2014-07-26	34.15	34.25	34.37	33.93	31614000	33.56
INTC	2014-07-25	34.38	34.25	34.67	34.10	33180400	33.56
INTC	2014-07-24	34.68	34.50	34.71	34.30	26077000	33.81
INTC	2014-07-23	34.16	34.79	34.83	34.07	42915100	34.09
INTC	2014-07-22	33.55	34.06	34.23	33.54	32097200	33.38
INTC	2014-07-19	33.80	33.70	33.84	33.39	46528800	33.02
INTC	2014-07-18	34.20	33.70	34.36	33.63	70591100	33.02
INTC	2014-07-17	33.31	34.65	34.74	33.21	135893200	33.95
INTC	2014-07-16	31.58	31.71	31.80	31.16	61006100	31.07
INTC	2014-07-15	31.41	31.49	31.58	31.34	24244600	30.86
INTC	2014-07-12	31.26	31.25	31.45	31.04	20045000	30.62
INTC	2014-07-11	30.60	31.26	31.33	30.44	32455100	30.63
INTC	2014-07-10	30.84	30.89	30.98	30.69	28302400	30.27
INTC	2014-07-09	31.00	30.79	31.08	30.70	37608700	30.17
INTC	2014-07-08	31.09	31.03	31.20	30.92	22233400	30.41
INTC	2014-07-04	31.08	31.14	31.36	31.02	20437600	30.51
INTC	2014-07-03	30.99	30.98	31.05	30.80	16831200	30.36
INTC	2014-07-02	30.99	30.98	31.09	30.87	28240000	30.36
INTC	2014-07-01	30.87	30.90	31.00	30.66	21558400	30.28
INTC	2014-06-28	30.87	30.93	31.00	30.70	30776300	30.31
INTC	2014-06-27	30.81	30.78	30.90	30.61	26722300	30.16
INTC	2014-06-26	30.48	30.88	31.00	30.45	44293300	30.26
INTC	2014-06-25	30.16	30.50	30.83	30.09	53397600	29.89
INTC	2014-06-24	30.10	30.23	30.31	29.85	26528900	29.62
INTC	2014-06-21	30.07	30.20	30.20	30.03	39826400	29.59
INTC	2014-06-20	29.97	30.09	30.09	29.89	27166600	29.48
INTC	2014-06-19	29.88	29.93	29.98	29.67	34412300	29.33
INTC	2014-06-18	29.88	29.95	30.10	29.84	28440600	29.35
INTC	2014-06-17	29.72	30.01	30.15	29.67	36407800	29.41
INTC	2014-06-14	29.75	29.87	30.06	29.56	122194300	29.27
INTC	2014-06-13	27.86	27.96	28.10	27.77	31211400	27.40
INTC	2014-06-12	28.14	27.93	28.21	27.80	27747700	27.37
INTC	2014-06-11	27.85	28.24	28.33	27.72	34256900	27.67
INTC	2014-06-10	28.10	27.91	28.42	27.83	39933000	27.35
INTC	2014-06-07	27.78	28.17	28.21	27.73	34795600	27.60
INTC	2014-06-06	27.56	27.66	27.66	27.43	26546200	27.10
INTC	2014-06-05	27.51	27.60	27.76	27.50	21612500	27.05
INTC	2014-06-04	27.22	27.66	27.70	27.12	33256300	27.10
INTC	2014-06-03	27.31	27.26	27.35	27.12	20264900	26.71
INTC	2014-05-31	26.94	27.32	27.32	26.93	43641000	26.77
INTC	2014-05-30	26.91	26.96	26.96	26.72	20638900	26.42
INTC	2014-05-29	26.70	26.88	26.94	26.66	27150100	26.34
INTC	2014-05-28	26.33	26.71	26.74	26.18	27271900	26.17
INTC	2014-05-24	26.15	26.29	26.30	26.14	17172200	25.76
INTC	2014-05-23	26.21	26.15	26.27	26.08	15926500	25.62
INTC	2014-05-22	26.10	26.20	26.25	26.00	18721300	25.67
INTC	2014-05-21	26.02	26.04	26.17	25.88	22292600	25.52
INTC	2014-05-20	25.75	26.04	26.09	25.75	22679600	25.52
INTC	2014-05-17	26.05	25.82	26.07	25.74	30017200	25.30
INTC	2014-05-16	26.33	26.01	26.50	26.01	31752700	25.49
INTC	2014-05-15	26.49	26.33	26.52	26.33	17811900	25.80
INTC	2014-05-14	26.49	26.45	26.54	26.33	20525000	25.92
INTC	2014-05-13	26.41	26.37	26.54	26.30	20607800	25.84
INTC	2014-05-10	26.37	26.30	26.41	26.22	20324400	25.77
INTC	2014-05-09	26.32	26.34	26.53	26.22	24166900	25.81
INTC	2014-05-08	26.26	26.37	26.45	26.22	24692800	25.84
INTC	2014-05-07	26.16	26.20	26.38	26.00	21818000	25.67
INTC	2014-05-06	26.16	26.17	26.26	25.99	20738900	25.64
INTC	2014-05-03	26.56	26.41	26.64	26.40	24235200	25.66
INTC	2014-05-02	26.51	26.45	26.67	26.39	19755200	25.70
INTC	2014-05-01	26.32	26.69	26.70	26.22	25863900	25.93
INTC	2014-04-30	26.36	26.48	26.66	26.35	22146000	25.73
INTC	2014-04-29	26.17	26.33	26.39	26.01	33472800	25.58
INTC	2014-04-26	26.65	26.26	26.72	26.19	33614400	25.51
INTC	2014-04-25	26.81	26.75	26.96	26.64	25432800	25.99
INTC	2014-04-24	26.80	26.75	26.97	26.72	25574300	25.99
INTC	2014-04-23	26.91	26.84	26.98	26.66	29601600	26.08
INTC	2014-04-22	27.05	26.95	27.05	26.73	20398600	26.18
INTC	2014-04-18	26.88	27.04	27.16	26.79	38112600	26.27
INTC	2014-04-17	26.98	26.93	27.24	26.60	59033600	26.16
INTC	2014-04-16	26.51	26.77	26.83	26.36	45074400	26.01
INTC	2014-04-15	26.31	26.56	26.65	26.14	26957900	25.80
INTC	2014-04-12	26.27	26.18	26.59	26.17	36121100	25.44
INTC	2014-04-11	27.01	26.43	27.09	26.36	40478200	25.68
INTC	2014-04-10	26.93	26.98	27.02	26.73	34481800	26.21
INTC	2014-04-09	26.36	26.91	26.98	26.35	56699500	26.14
INTC	2014-04-08	26.30	26.49	26.74	26.20	49813500	25.74
INTC	2014-04-05	26.49	26.16	26.73	26.11	47918000	25.42
INTC	2014-04-04	26.15	26.41	26.46	26.14	38581300	25.66
INTC	2014-04-03	25.96	25.89	26.05	25.64	22464700	25.15
INTC	2014-04-02	25.80	25.99	26.00	25.64	23778700	25.25
INTC	2014-04-01	25.65	25.81	26.06	25.62	29336300	25.08
INTC	2014-03-29	25.41	25.62	25.81	25.32	22884500	24.89
INTC	2014-03-28	25.36	25.31	25.75	25.29	27201100	24.59
INTC	2014-03-27	25.59	25.38	25.74	25.32	26442800	24.66
INTC	2014-03-26	25.19	25.46	25.67	25.17	32317400	24.74
INTC	2014-03-25	25.21	25.12	25.38	24.92	36950600	24.41
INTC	2014-03-22	25.61	25.17	25.68	25.16	56861900	24.45
INTC	2014-03-21	25.00	25.43	25.59	24.94	37009100	24.71
INTC	2014-03-20	24.85	25.02	25.25	24.77	34229400	24.31
INTC	2014-03-19	24.68	24.82	24.90	24.55	26344000	24.11
INTC	2014-03-18	24.64	24.70	24.82	24.49	18525800	24.00
INTC	2014-03-15	24.48	24.50	24.65	24.40	21807200	23.80
INTC	2014-03-14	24.80	24.57	25.00	24.43	26243300	23.87
INTC	2014-03-13	24.65	24.76	24.88	24.61	21244800	24.06
INTC	2014-03-12	24.78	24.73	24.85	24.61	26656800	24.03
INTC	2014-03-11	24.61	24.84	24.89	24.58	24908100	24.13
INTC	2014-03-08	24.70	24.64	24.85	24.57	25373400	23.94
INTC	2014-03-07	24.57	24.63	24.65	24.38	22371700	23.93
INTC	2014-03-06	24.70	24.50	24.71	24.40	21036200	23.80
INTC	2014-03-05	24.72	24.61	24.78	24.50	23661200	23.91
AAPL	2015-03-04	128.96	129.36	129.52	128.09	37610300	129.36
AAPL	2015-03-03	129.25	129.09	130.28	128.30	48096700	129.09
AAPL	2015-02-28	130.00	128.46	130.57	128.24	62014800	128.46
AAPL	2015-02-27	128.79	130.42	130.87	126.61	91287500	130.42
AAPL	2015-02-26	131.56	128.79	131.60	128.15	74711700	128.79
AAPL	2015-02-25	132.94	132.17	133.60	131.17	69228100	132.17
AAPL	2015-02-24	130.02	133.00	133.00	129.66	70974100	133.00
AAPL	2015-02-21	128.62	129.50	129.50	128.05	48948400	129.50
AAPL	2015-02-20	128.48	128.45	129.03	128.33	37362400	128.45
AAPL	2015-02-19	127.63	128.72	128.78	127.45	44891700	128.72
AAPL	2015-02-18	127.49	127.83	128.88	126.92	63152400	127.83
AAPL	2015-02-14	127.28	127.08	127.28	125.65	54272200	127.08
AAPL	2015-02-13	126.06	126.46	127.48	125.57	74474500	126.46
AAPL	2015-02-12	122.77	124.88	124.92	122.50	73561800	124.88
AAPL	2015-02-11	120.17	122.02	122.15	120.16	62008500	122.02
AAPL	2015-02-10	118.55	119.72	119.84	118.43	38889800	119.72
AAPL	2015-02-07	120.02	118.93	120.25	118.45	43372000	118.93
AAPL	2015-02-06	120.02	119.94	120.23	119.25	42246200	119.94
AAPL	2015-02-05	118.50	119.56	120.51	118.31	70149700	119.09
AAPL	2015-02-04	118.50	118.65	119.09	117.61	51915700	118.18
AAPL	2015-02-03	118.05	118.63	119.17	116.08	62739100	118.16
AAPL	2015-01-31	118.40	117.16	120.00	116.85	83745500	116.70
AAPL	2015-01-30	116.32	118.90	119.19	115.56	84436400	118.43
AAPL	2015-01-29	117.63	115.31	118.12	115.31	146477100	114.86
AAPL	2015-01-28	112.42	109.14	112.48	109.03	95568700	108.71
AAPL	2015-01-27	113.74	113.10	114.36	112.80	55615000	112.66
AAPL	2015-01-24	112.30	112.98	113.75	111.53	46464800	112.54
AAPL	2015-01-23	110.26	112.40	112.47	109.72	53796400	111.96
AAPL	2015-01-22	108.95	109.55	111.06	108.27	48575900	109.12
AAPL	2015-01-21	107.84	108.72	108.97	106.50	49899900	108.29
AAPL	2015-01-17	107.03	105.99	107.58	105.20	78513300	105.57
AAPL	2015-01-16	110.00	106.82	110.06	106.66	60014000	106.40
AAPL	2015-01-15	109.04	109.80	110.49	108.50	48956600	109.37
AAPL	2015-01-14	111.43	110.22	112.80	108.91	67091900	109.79
AAPL	2015-01-13	112.60	109.25	112.63	108.80	49650800	108.82
AAPL	2015-01-10	112.67	112.01	113.25	110.21	53699500	111.57
AAPL	2015-01-09	109.23	111.89	112.15	108.70	59364500	111.45
AAPL	2015-01-08	107.20	107.75	108.20	106.70	40105900	107.33
AAPL	2015-01-07	106.54	106.26	107.43	104.63	65797100	105.84
AAPL	2015-01-06	108.29	106.25	108.65	105.41	64285500	105.83
AAPL	2015-01-03	111.39	109.33	111.44	107.35	53204600	108.90
AAPL	2015-01-01	112.82	110.38	113.13	110.21	41403400	109.95
AAPL	2014-12-31	113.64	112.52	113.92	112.11	29881500	112.08
AAPL	2014-12-30	113.79	113.91	114.77	113.70	27598900	113.46
AAPL	2014-12-27	112.10	113.99	114.52	112.01	33721000	113.54
AAPL	2014-12-25	112.58	112.01	112.71	112.01	14479600	111.57
AAPL	2014-12-24	113.23	112.54	113.33	112.46	26028400	112.10
AAPL	2014-12-23	112.16	112.94	113.49	111.97	45167500	112.50
AAPL	2014-12-20	112.26	111.78	113.24	111.66	88429800	111.34
AAPL	2014-12-19	111.87	112.65	112.65	110.66	59006200	112.21
AAPL	2014-12-18	107.12	109.41	109.84	106.82	53411800	108.98
AAPL	2014-12-17	106.37	106.75	110.16	106.26	60790700	106.33
AAPL	2014-12-16	110.70	108.23	111.60	106.35	67218100	107.80
AAPL	2014-12-13	110.46	109.73	111.87	109.58	56028100	109.30
AAPL	2014-12-12	112.26	111.62	113.80	111.34	41401700	111.18
AAPL	2014-12-11	114.41	111.95	114.85	111.54	44565300	111.51
AAPL	2014-12-10	110.19	114.12	114.30	109.35	60208000	113.67
AAPL	2014-12-09	114.10	112.40	114.65	111.62	57664900	111.96
AAPL	2014-12-06	115.99	115.00	116.08	114.64	38318900	114.55
AAPL	2014-12-05	115.77	115.49	117.20	115.29	42044500	115.04
AAPL	2014-12-04	115.75	115.93	116.35	115.11	43063400	115.47
AAPL	2014-12-03	113.50	114.63	115.75	112.75	59075100	114.18
AAPL	2014-12-02	118.81	115.07	119.25	111.27	83814000	114.62
AAPL	2014-11-29	119.27	118.93	119.40	118.05	24814400	118.46
AAPL	2014-11-27	117.94	119.00	119.10	117.83	40768300	118.53
AAPL	2014-11-26	119.07	117.60	119.75	117.45	68840400	117.14
AAPL	2014-11-25	116.85	118.63	118.77	116.62	47450800	118.16
AAPL	2014-11-22	117.51	116.47	117.57	116.03	57179300	116.01
AAPL	2014-11-21	114.91	116.31	116.86	114.85	43395500	115.85
AAPL	2014-11-20	115.44	114.67	115.74	113.80	41869200	114.22
AAPL	2014-11-19	113.94	115.47	115.69	113.89	44224000	115.02
AAPL	2014-11-18	114.27	113.99	117.28	113.30	46746700	113.54
AAPL	2014-11-15	113.15	114.18	114.19	113.05	44063600	113.73
AAPL	2014-11-14	111.80	112.82	113.45	111.60	59522900	112.38
AAPL	2014-11-13	109.38	111.25	111.43	109.37	46942400	110.81
AAPL	2014-11-12	108.70	109.70	109.75	108.40	27442300	109.27
AAPL	2014-11-11	109.02	108.83	109.33	108.67	27195500	108.40
AAPL	2014-11-08	108.75	109.01	109.32	108.55	33691500	108.58
AAPL	2014-11-07	108.60	108.70	108.79	107.80	34968500	108.27
AAPL	2014-11-06	109.10	108.86	109.30	108.13	37435900	107.96
AAPL	2014-11-05	109.36	108.60	109.49	107.72	41574400	107.71
AAPL	2014-11-04	108.22	109.40	110.30	108.01	52282600	108.50
AAPL	2014-11-01	108.01	108.00	108.04	107.21	44639300	107.11
AAPL	2014-10-31	106.96	106.98	107.35	105.90	40654800	106.10
AAPL	2014-10-30	106.65	107.34	107.37	106.36	52687900	106.46
AAPL	2014-10-29	105.40	106.74	106.74	105.35	47939900	105.86
AAPL	2014-10-28	104.85	105.11	105.48	104.70	34187700	104.24
AAPL	2014-10-25	105.18	105.22	105.49	104.53	47053900	104.35
AAPL	2014-10-24	104.08	104.83	105.05	103.63	71074700	103.97
AAPL	2014-10-23	102.84	102.99	104.11	102.60	68263100	102.14
AAPL	2014-10-22	103.02	102.47	103.02	101.27	94623900	101.63
AAPL	2014-10-21	98.32	99.76	99.96	98.22	77517300	98.94
AAPL	2014-10-18	97.50	97.67	99.00	96.81	68179700	96.87
AAPL	2014-10-17	95.55	96.26	97.72	95.41	72154500	95.47
AAPL	2014-10-16	97.97	97.54	99.15	95.18	100933600	96.74
AAPL	2014-10-15	100.39	98.75	100.52	98.57	63688600	97.94
AAPL	2014-10-14	101.33	99.81	101.78	99.81	53583400	98.99
AAPL	2014-10-11	100.69	100.73	102.03	100.30	66331600	99.90
AAPL	2014-10-10	101.54	101.02	102.38	100.61	77376500	100.19
AAPL	2014-10-09	98.76	100.80	101.11	98.31	57404700	99.97
AAPL	2014-10-08	99.43	98.75	100.12	98.73	42094200	97.94
AAPL	2014-10-07	99.95	99.62	100.65	99.42	37051200	98.80
AAPL	2014-10-04	99.44	99.62	100.21	99.04	43469600	98.80
AAPL	2014-10-03	99.27	99.90	100.22	98.04	47757800	99.08
AAPL	2014-10-02	100.59	99.18	100.69	98.70	51491300	98.36
AAPL	2014-10-01	100.81	100.75	101.54	100.53	55264100	99.92
AAPL	2014-09-30	98.65	100.11	100.44	98.63	49766300	99.29
AAPL	2014-09-27	98.53	100.75	100.75	98.40	62370500	99.92
AAPL	2014-09-26	100.51	97.87	100.71	97.72	100092000	97.06
AAPL	2014-09-25	102.16	101.75	102.85	101.20	60171800	100.91
AAPL	2014-09-24	100.60	102.64	102.94	100.54	63402200	101.80
AAPL	2014-09-23	101.80	101.06	102.14	100.58	52788400	100.23
AAPL	2014-09-20	102.29	100.96	102.35	100.50	70902400	100.13
AAPL	2014-09-19	101.93	101.79	102.35	101.56	37299400	100.95
AAPL	2014-09-18	101.27	101.58	101.80	100.59	60926500	100.74
AAPL	2014-09-17	99.80	100.86	101.26	98.89	66908100	100.03
AAPL	2014-09-16	102.81	101.63	103.05	101.44	61316500	100.79
AAPL	2014-09-13	101.21	101.66	102.19	101.08	64096900	100.82
AAPL	2014-09-12	100.41	101.43	101.44	99.62	62353100	100.60
AAPL	2014-09-11	98.01	101.00	101.11	97.76	100869600	100.17
AAPL	2014-09-10	99.08	97.99	103.08	96.14	189846300	97.18
AAPL	2014-09-09	99.30	98.36	99.31	98.05	46356700	97.55
AAPL	2014-09-06	98.80	98.97	99.39	98.31	58457000	98.16
AAPL	2014-09-05	98.85	98.12	100.09	97.79	85718000	97.31
AAPL	2014-09-04	103.10	98.94	103.20	98.58	125421000	98.13
AAPL	2014-09-03	103.06	103.30	103.74	102.72	53564000	102.45
AAPL	2014-08-30	102.86	102.50	102.90	102.20	44595000	101.66
AAPL	2014-08-29	101.59	102.25	102.78	101.56	68460000	101.41
AAPL	2014-08-28	101.02	102.13	102.57	100.70	52369000	101.29
AAPL	2014-08-27	101.42	100.89	101.50	100.86	33152000	100.06
AAPL	2014-08-26	101.79	101.54	102.17	101.28	40270000	100.70
AAPL	2014-08-23	100.29	101.32	101.47	100.19	44184000	100.49
AAPL	2014-08-22	100.57	100.58	100.94	100.11	33478000	99.75
AAPL	2014-08-21	100.44	100.57	101.09	99.95	52699000	99.74
AAPL	2014-08-20	99.41	100.53	100.68	99.32	69399000	99.70
AAPL	2014-08-19	98.49	99.16	99.37	97.98	47572000	98.34
AAPL	2014-08-16	97.90	97.98	98.19	96.86	48951000	97.17
AAPL	2014-08-15	97.33	97.50	97.57	96.80	28116000	96.70
AAPL	2014-08-14	96.15	97.24	97.24	96.04	31916000	96.44
AAPL	2014-08-13	96.04	95.97	96.88	95.61	33795000	95.18
AAPL	2014-08-12	95.27	95.99	96.08	94.84	36585000	95.20
AAPL	2014-08-09	94.26	94.74	94.82	93.28	41865000	93.96
AAPL	2014-08-08	94.93	94.48	95.95	94.10	46711000	93.70
AAPL	2014-08-07	94.75	94.96	95.48	94.71	38558000	93.71
AAPL	2014-08-06	95.36	95.12	95.68	94.36	55933000	93.87
AAPL	2014-08-05	96.37	95.59	96.58	95.17	39958000	94.33
AAPL	2014-08-02	94.90	96.13	96.62	94.81	48511000	94.87
AAPL	2014-08-01	97.16	95.60	97.45	95.33	56843000	94.34
AAPL	2014-07-31	98.44	98.15	98.70	97.67	33010000	96.86
AAPL	2014-07-30	99.33	98.38	99.44	98.25	43143000	97.09
AAPL	2014-07-29	97.82	99.02	99.24	97.55	55318000	97.72
AAPL	2014-07-26	96.85	97.67	97.84	96.64	43469000	96.39
AAPL	2014-07-25	97.04	97.03	97.32	96.42	45729000	95.75
AAPL	2014-07-24	95.42	97.19	97.88	95.17	92918000	95.91
AAPL	2014-07-23	94.68	94.72	94.89	94.12	55197000	93.48
AAPL	2014-07-22	94.99	93.94	95.00	93.72	39079000	92.71
AAPL	2014-07-19	93.62	94.43	94.74	93.02	49988000	93.19
AAPL	2014-07-18	95.03	93.09	95.28	92.57	57298000	91.87
AAPL	2014-07-17	96.97	94.78	97.10	94.74	53502000	93.53
AAPL	2014-07-16	96.80	95.32	96.85	95.03	45477900	94.07
AAPL	2014-07-15	95.86	96.45	96.89	95.65	42810000	95.18
AAPL	2014-07-12	95.36	95.22	95.89	94.86	34018000	93.97
AAPL	2014-07-11	93.76	95.04	95.55	93.52	39686000	93.79
AAPL	2014-07-10	95.44	95.39	95.95	94.76	36436000	94.14
AAPL	2014-07-09	96.27	95.35	96.80	93.92	65222000	94.10
AAPL	2014-07-08	94.14	95.97	95.99	94.10	56468000	94.71
AAPL	2014-07-04	93.67	94.03	94.10	93.20	22891800	92.79
AAPL	2014-07-03	93.87	93.48	94.06	93.09	28465000	92.25
AAPL	2014-07-02	93.52	93.52	94.07	93.13	38223000	92.29
AAPL	2014-07-01	92.10	92.93	93.73	92.09	49589000	91.71
AAPL	2014-06-28	90.82	91.98	92.00	90.77	64029000	90.77
AAPL	2014-06-27	90.37	90.90	91.05	89.80	32629000	89.71
AAPL	2014-06-26	90.21	90.36	90.70	89.65	36869000	89.17
AAPL	2014-06-25	90.75	90.28	91.74	90.19	39036000	89.09
AAPL	2014-06-24	91.32	90.83	91.62	90.60	43694000	89.64
AAPL	2014-06-21	91.85	90.91	92.55	90.90	100898000	89.72
AAPL	2014-06-20	92.29	91.86	92.30	91.34	35528000	90.65
AAPL	2014-06-19	92.27	92.18	92.29	91.35	33514000	90.97
AAPL	2014-06-18	92.31	92.08	92.70	91.80	29726000	90.87
AAPL	2014-06-17	91.51	92.20	92.75	91.45	35561000	90.99
AAPL	2014-06-14	92.20	91.28	92.44	90.88	54525000	90.08
AAPL	2014-06-13	94.04	92.29	94.12	91.90	54749000	91.08
AAPL	2014-06-12	94.13	93.86	94.76	93.47	45681000	92.63
AAPL	2014-06-11	94.73	94.25	95.05	93.57	62777000	93.01
AAPL	2014-06-10	92.70	93.70	93.88	91.75	75415000	92.47
AAPL	2014-06-07	649.90	645.57	651.26	644.47	87484600	91.01
AAPL	2014-06-06	646.20	647.35	649.37	642.61	75951400	91.26
AAPL	2014-06-05	637.44	644.82	647.89	636.11	83870500	90.91
AAPL	2014-06-04	628.46	637.54	638.74	628.25	73177300	89.88
AAPL	2014-06-03	633.96	628.65	634.83	622.50	92337700	88.63
AAPL	2014-05-31	637.98	633.00	644.17	628.90	141005200	89.24
AAPL	2014-05-30	627.85	635.38	636.87	627.77	94118500	89.58
AAPL	2014-05-29	626.02	624.01	629.83	623.78	78870400	87.97
AAPL	2014-05-28	615.88	625.63	625.86	615.63	87216500	88.20
AAPL	2014-05-24	607.25	614.13	614.73	606.47	58052400	86.58
AAPL	2014-05-23	606.60	607.27	609.85	604.10	50190000	85.61
AAPL	2014-05-22	603.83	606.31	606.70	602.06	49214900	85.48
AAPL	2014-05-21	604.51	604.71	606.40	600.73	58709000	85.25
AAPL	2014-05-20	597.85	604.59	607.33	597.33	79438800	85.24
AAPL	2014-05-17	588.63	597.51	597.53	585.40	69064100	84.24
AAPL	2014-05-16	594.70	588.82	596.60	588.04	57711500	83.01
AAPL	2014-05-15	592.43	593.87	597.40	591.74	41601000	83.72
AAPL	2014-05-14	592.00	593.76	594.54	590.70	39934300	83.71
AAPL	2014-05-13	587.49	592.83	593.66	587.40	53302200	83.58
AAPL	2014-05-10	584.54	585.54	586.25	580.33	72899400	82.55
AAPL	2014-05-09	588.25	587.99	594.41	586.40	57574300	82.89
AAPL	2014-05-08	595.25	592.33	597.29	587.73	70716100	83.04
AAPL	2014-05-07	601.80	594.41	604.41	594.41	93641100	83.33
AAPL	2014-05-06	590.14	600.96	601.00	590.00	71766800	84.25
AAPL	2014-05-03	592.34	592.58	594.20	589.71	47878600	83.08
AAPL	2014-05-02	592.00	591.48	594.80	586.36	61012000	82.92
AAPL	2014-05-01	592.64	590.09	599.43	589.80	114160200	82.73
AAPL	2014-04-30	593.74	592.33	595.98	589.51	84344400	83.04
AAPL	2014-04-29	572.80	594.09	595.75	572.55	167371400	83.29
AAPL	2014-04-26	564.53	571.94	571.99	563.96	97568800	80.18
AAPL	2014-04-25	568.21	567.77	570.00	560.73	189977900	79.60
AAPL	2014-04-24	529.06	524.75	531.13	524.45	98735000	73.57
AAPL	2014-04-23	528.31	531.70	531.83	526.50	50640800	74.54
AAPL	2014-04-22	525.34	531.17	532.14	523.96	45637200	74.47
AAPL	2014-04-18	520.00	524.94	527.76	519.20	71083600	73.59
AAPL	2014-04-17	518.05	519.01	521.09	514.14	53691400	72.76
AAPL	2014-04-16	520.27	517.96	521.64	511.33	66622500	72.62
AAPL	2014-04-15	521.90	521.68	522.16	517.21	51418500	73.14
AAPL	2014-04-12	519.00	519.61	522.83	517.14	67929400	72.85
AAPL	2014-04-11	530.68	523.48	532.24	523.17	59913000	73.39
AAPL	2014-04-10	522.64	530.32	530.49	522.02	51542400	74.35
AAPL	2014-04-09	525.19	523.44	526.12	518.70	60972100	73.38
AAPL	2014-04-08	528.02	523.47	530.90	521.89	72462600	73.39
AAPL	2014-04-05	539.81	531.82	540.00	530.58	68812800	74.56
AAPL	2014-04-04	541.39	538.79	542.50	537.64	40586000	75.54
AAPL	2014-04-03	542.38	542.55	543.48	540.26	45105200	76.06
AAPL	2014-04-02	537.76	541.65	541.87	536.77	50190000	75.94
AAPL	2014-04-01	539.23	536.74	540.81	535.93	42167300	75.25
AAPL	2014-03-29	538.32	536.86	538.94	534.25	50141000	75.27
AAPL	2014-03-28	540.02	537.46	541.50	535.12	55507900	75.35
AAPL	2014-03-27	546.52	539.78	549.00	538.86	74942000	75.68
AAPL	2014-03-26	541.50	544.99	545.75	539.59	70573300	76.41
AAPL	2014-03-25	538.42	539.19	540.50	535.06	88925200	75.59
AAPL	2014-03-22	531.93	532.87	533.75	526.33	93511600	74.71
AAPL	2014-03-21	529.89	528.70	532.67	527.35	52099600	74.12
AAPL	2014-03-20	532.26	531.26	536.24	529.00	56189000	74.48
AAPL	2014-03-19	525.90	531.40	531.97	525.20	52411800	74.50
AAPL	2014-03-18	527.70	526.74	529.97	525.85	49886200	73.85
AAPL	2014-03-15	528.79	524.69	530.89	523.00	59299800	73.56
AAPL	2014-03-14	537.44	530.65	539.66	529.16	64435700	74.40
AAPL	2014-03-13	534.51	536.61	537.35	532.00	49831600	75.23
AAPL	2014-03-12	535.45	536.09	538.74	532.59	69806100	75.16
AAPL	2014-03-11	528.36	530.92	533.33	528.34	44646000	74.43
AAPL	2014-03-08	531.09	530.44	531.98	526.05	55182400	74.37
AAPL	2014-03-07	532.79	530.75	534.44	528.10	46372200	74.41
AAPL	2014-03-06	530.92	532.36	534.75	529.13	50015700	74.64
AAPL	2014-03-05	531.00	531.24	532.64	527.77	64785000	74.48
TSLA	2015-03-04	196.81	199.56	200.24	195.32	4426800	199.56
TSLA	2015-03-03	202.70	197.33	203.34	195.83	7899400	197.33
TSLA	2015-02-28	206.90	203.34	208.55	202.80	3869000	203.34
TSLA	2015-02-27	204.00	207.19	211.09	202.22	6472900	207.19
TSLA	2015-02-26	204.94	203.76	207.14	202.58	3909500	203.76
TSLA	2015-02-25	207.29	204.11	207.29	201.70	6603600	204.11
TSLA	2015-02-24	215.66	207.34	218.20	206.33	8499800	207.34
TSLA	2015-02-21	210.78	217.11	217.60	209.81	5982100	217.11
TSLA	2015-02-20	205.00	211.71	212.44	203.75	5154100	211.71
TSLA	2015-02-19	204.17	204.46	206.17	202.60	2713600	204.46
TSLA	2015-02-18	205.70	204.35	205.70	201.50	3979600	204.35
TSLA	2015-02-14	202.90	203.77	205.99	200.91	6191000	203.77
TSLA	2015-02-13	193.57	202.88	203.09	193.28	15649600	202.88
TSLA	2015-02-12	212.21	212.80	214.74	207.28	9769100	212.80
TSLA	2015-02-11	217.55	216.29	220.50	215.00	5390500	216.29
TSLA	2015-02-10	215.38	217.48	217.93	211.99	3472400	217.48
TSLA	2015-02-07	222.00	217.36	223.40	216.50	3233200	217.36
TSLA	2015-02-06	219.88	220.99	225.48	219.64	3522900	220.99
TSLA	2015-02-05	218.29	218.55	221.48	216.80	3305400	218.55
TSLA	2015-02-04	213.22	218.36	220.37	211.27	4826200	218.36
TSLA	2015-02-03	203.97	210.94	211.95	203.30	4149200	210.94
TSLA	2015-01-31	203.96	203.60	207.47	203.00	3007000	203.60
TSLA	2015-01-30	201.07	205.20	205.98	196.50	3548100	205.20
TSLA	2015-01-29	206.11	199.37	206.37	198.42	3149600	199.37
TSLA	2015-01-28	204.42	205.98	208.03	203.30	2781000	205.98
TSLA	2015-01-27	201.83	206.55	208.62	201.05	3234500	206.55
TSLA	2015-01-24	200.29	201.29	203.50	198.33	3438600	201.29
TSLA	2015-01-23	197.00	201.62	203.24	195.20	4116900	201.62
TSLA	2015-01-22	189.55	196.57	198.68	189.51	4153000	196.57
TSLA	2015-01-21	193.87	191.93	194.12	187.04	4503200	191.93
TSLA	2015-01-17	190.70	193.07	194.49	189.65	3603200	193.07
TSLA	2015-01-16	194.49	191.87	195.75	190.00	5216500	191.87
TSLA	2015-01-15	185.83	192.69	195.20	185.00	11551900	192.69
TSLA	2015-01-14	203.32	204.25	207.61	200.91	4477300	204.25
TSLA	2015-01-13	203.05	202.21	204.47	199.25	5944200	202.21
TSLA	2015-01-10	208.92	206.66	209.98	204.96	4668300	206.66
TSLA	2015-01-09	212.81	210.62	213.80	210.01	3442500	210.62
TSLA	2015-01-08	213.35	210.95	214.78	209.78	2968400	210.95
TSLA	2015-01-07	210.06	211.28	214.20	204.21	6261900	211.28
TSLA	2015-01-06	214.55	210.09	216.50	207.16	5368500	210.09
TSLA	2015-01-03	222.87	219.31	223.25	213.26	4764400	219.31
TSLA	2015-01-01	223.09	222.41	225.68	222.25	2402100	222.41
TSLA	2014-12-31	223.99	222.23	225.65	221.40	2903200	222.23
TSLA	2014-12-30	226.90	225.71	227.91	224.02	2802500	225.71
TSLA	2014-12-27	221.51	227.82	228.50	221.50	3327000	227.82
TSLA	2014-12-25	219.77	222.26	222.50	219.25	1332200	222.26
TSLA	2014-12-24	223.81	220.97	224.32	219.52	4505700	220.97
TSLA	2014-12-23	220.00	222.60	224.06	218.26	4799400	222.60
TSLA	2014-12-20	220.19	219.29	220.40	214.50	6910500	219.29
TSLA	2014-12-19	212.38	218.26	218.44	211.80	7483300	218.26
TSLA	2014-12-18	193.06	205.82	206.65	192.65	7367800	205.82
TSLA	2014-12-17	200.89	197.81	203.68	195.37	8426100	197.81
TSLA	2014-12-16	209.29	204.04	209.80	202.67	5218300	204.04
TSLA	2014-12-13	204.82	207.00	211.68	204.50	7173800	207.00
TSLA	2014-12-12	210.53	208.88	215.43	208.23	6694400	208.88
TSLA	2014-12-11	214.13	209.84	216.77	207.70	7314100	209.84
TSLA	2014-12-10	209.34	216.89	217.73	204.27	9431500	216.89
TSLA	2014-12-09	221.54	214.36	224.86	212.34	9225600	214.36
TSLA	2014-12-06	228.67	223.71	229.39	222.26	6063600	223.71
TSLA	2014-12-05	228.60	228.28	230.90	227.81	3855600	228.28
TSLA	2014-12-04	226.25	229.30	229.72	225.50	5307700	229.30
TSLA	2014-12-03	234.57	231.43	234.88	228.00	5867700	231.43
TSLA	2014-12-02	241.16	231.64	242.47	229.01	8619400	231.64
TSLA	2014-11-29	245.35	244.52	246.69	242.52	2119700	244.52
TSLA	2014-11-27	248.34	248.44	249.00	246.60	1981200	248.44
TSLA	2014-11-26	247.35	248.09	249.72	246.09	3155900	248.09
TSLA	2014-11-25	245.20	246.72	247.60	240.64	4786500	246.72
TSLA	2014-11-22	252.21	242.78	252.78	242.17	7481800	242.78
TSLA	2014-11-21	247.95	248.71	250.93	246.00	3584000	248.71
TSLA	2014-11-20	250.61	247.74	251.88	245.60	7914500	247.74
TSLA	2014-11-19	255.86	257.70	259.99	255.51	4473000	257.70
TSLA	2014-11-18	257.49	253.98	259.00	252.02	4024200	253.98
TSLA	2014-11-15	250.00	258.68	258.85	248.50	6098000	258.68
TSLA	2014-11-14	250.62	251.70	255.75	250.25	6233800	251.70
TSLA	2014-11-13	249.72	249.10	252.34	245.58	5867400	249.10
TSLA	2014-11-12	242.55	251.08	251.82	242.00	7948800	251.08
TSLA	2014-11-11	239.11	241.93	242.88	236.80	4577200	241.93
TSLA	2014-11-08	242.19	240.20	242.84	237.20	5161000	240.20
TSLA	2014-11-07	234.49	241.22	246.69	228.50	15354700	241.22
TSLA	2014-11-06	241.00	230.97	241.36	230.53	9045900	230.97
TSLA	2014-11-05	240.49	238.93	242.35	236.53	3682600	238.93
TSLA	2014-11-04	243.00	242.59	247.56	241.32	4203800	242.59
TSLA	2014-11-01	242.51	241.70	243.12	238.75	3775300	241.70
TSLA	2014-10-31	238.14	238.66	240.50	235.06	3226700	238.66
TSLA	2014-10-30	241.13	238.10	241.50	235.64	4962500	238.10
TSLA	2014-10-29	229.60	242.77	244.60	228.25	10484800	242.77
TSLA	2014-10-28	234.25	221.67	234.61	220.31	9553300	221.67
TSLA	2014-10-25	236.27	235.24	237.80	231.20	3463300	235.24
TSLA	2014-10-24	234.66	235.29	236.28	232.00	3492400	235.29
TSLA	2014-10-23	233.19	231.10	237.39	230.56	4116600	231.10
TSLA	2014-10-22	234.27	235.34	235.39	230.80	4130300	235.34
TSLA	2014-10-21	226.72	230.47	232.40	225.51	3494400	230.47
TSLA	2014-10-18	233.38	227.48	234.77	226.55	10549400	227.48
TSLA	2014-10-17	219.72	226.35	229.92	219.10	5399300	226.35
TSLA	2014-10-16	220.00	229.70	230.99	217.32	9147300	229.70
TSLA	2014-10-15	228.25	227.06	232.47	223.00	7105300	227.06
TSLA	2014-10-14	238.57	224.59	238.96	221.00	11268700	224.59
TSLA	2014-10-11	244.64	236.91	245.89	235.20	12888300	236.91
TSLA	2014-10-10	262.25	257.01	265.54	254.40	7361300	257.01
TSLA	2014-10-09	260.10	259.28	262.88	252.64	5055100	259.28
TSLA	2014-10-08	258.53	259.57	261.46	255.73	4485500	259.57
TSLA	2014-10-07	259.13	260.62	262.49	257.80	7713300	260.62
TSLA	2014-10-04	253.06	255.21	256.50	251.03	5406300	255.21
TSLA	2014-10-03	250.20	251.42	252.79	245.36	8998200	251.42
TSLA	2014-10-02	242.20	240.24	242.66	235.65	5941700	240.24
TSLA	2014-10-01	246.92	242.68	247.65	240.12	4238300	242.68
TSLA	2014-09-30	244.00	245.26	248.64	241.38	4852700	245.26
TSLA	2014-09-27	248.25	246.60	249.73	246.07	3795400	246.60
TSLA	2014-09-26	252.52	246.95	254.96	246.10	4834200	246.95
TSLA	2014-09-25	251.12	252.14	252.84	247.04	3749500	252.14
TSLA	2014-09-24	245.22	250.41	253.80	245.00	5658700	250.41
TSLA	2014-09-23	255.00	250.03	256.02	244.71	8214100	250.03
TSLA	2014-09-20	257.99	259.32	261.43	255.27	6810900	259.32
TSLA	2014-09-19	263.36	263.82	265.60	262.32	3692600	263.82
TSLA	2014-09-18	262.41	261.38	264.70	259.50	5177700	261.38
TSLA	2014-09-17	255.15	260.74	262.46	252.42	8300100	260.74
TSLA	2014-09-16	274.37	253.86	274.40	249.13	16455400	253.86
TSLA	2014-09-13	280.50	279.20	282.39	277.00	3324600	279.20
TSLA	2014-09-12	280.46	280.31	284.79	278.63	3766100	280.31
TSLA	2014-09-11	279.50	281.10	281.41	273.66	3781300	281.10
TSLA	2014-09-10	282.99	278.48	285.49	277.00	4558800	278.48
TSLA	2014-09-09	277.62	282.11	284.88	277.52	5501600	282.11
TSLA	2014-09-06	282.55	277.39	282.90	272.51	11169900	277.39
TSLA	2014-09-05	284.01	286.04	291.42	280.40	8341700	286.04
TSLA	2014-09-04	287.67	281.19	288.00	280.10	6772300	281.19
TSLA	2014-09-03	275.50	284.12	284.89	274.30	9852400	284.12
TSLA	2014-08-30	268.70	269.70	272.00	267.51	6447100	269.70
TSLA	2014-08-29	261.89	263.86	264.48	261.64	2844900	263.86
TSLA	2014-08-28	263.50	263.25	264.24	260.29	2985100	263.25
TSLA	2014-08-27	264.98	261.74	265.50	261.66	3818000	261.74
TSLA	2014-08-26	258.19	262.55	263.68	258.19	4318100	262.55
TSLA	2014-08-23	254.54	256.78	256.95	252.61	2833400	256.78
TSLA	2014-08-22	256.52	254.34	258.80	253.26	2915600	254.34
TSLA	2014-08-21	254.67	255.71	258.74	253.00	3027900	255.71
TSLA	2014-08-20	258.87	256.76	259.33	251.62	5334800	256.76
TSLA	2014-08-19	263.25	259.94	267.26	259.75	5849200	259.94
TSLA	2014-08-16	261.48	262.01	262.09	258.50	3867900	262.01
TSLA	2014-08-15	262.49	261.38	263.00	256.50	4126600	261.38
TSLA	2014-08-14	262.01	260.31	265.64	259.61	6932600	260.31
TSLA	2014-08-13	258.08	259.96	260.30	254.58	6382300	259.96
TSLA	2014-08-12	255.48	259.32	263.74	255.00	8101300	259.32
TSLA	2014-08-09	251.16	248.13	251.76	246.50	5090100	248.13
TSLA	2014-08-08	250.12	252.39	256.69	249.12	7478900	252.39
TSLA	2014-08-07	238.90	248.93	251.42	238.58	9249300	248.93
TSLA	2014-08-06	237.47	238.49	242.99	235.69	5388600	238.49
TSLA	2014-08-05	234.38	238.52	240.50	233.27	5959700	238.52
TSLA	2014-08-02	226.09	233.27	237.50	226.00	11895800	233.27
TSLA	2014-08-01	229.26	223.30	231.40	221.50	7749100	223.30
TSLA	2014-07-31	221.92	228.92	229.60	221.04	4927800	228.92
TSLA	2014-07-30	226.61	225.01	228.30	224.86	3382400	225.01
TSLA	2014-07-29	224.25	224.82	232.00	221.40	6514300	224.82
TSLA	2014-07-26	222.72	223.57	226.97	221.75	3087100	223.57
TSLA	2014-07-25	223.25	223.54	225.10	220.80	3245500	223.54
TSLA	2014-07-24	220.01	222.49	224.75	219.43	3083300	222.49
TSLA	2014-07-23	222.19	219.58	223.30	219.11	2730000	219.58
TSLA	2014-07-22	217.25	220.54	223.21	216.72	3822200	220.54
TSLA	2014-07-19	215.95	220.02	221.21	215.93	4253700	220.02
TSLA	2014-07-18	216.16	215.40	220.55	213.60	4649400	215.40
TSLA	2014-07-17	221.82	217.16	224.80	216.82	4044500	217.16
TSLA	2014-07-16	226.73	219.58	227.65	218.10	5718500	219.58
TSLA	2014-07-15	219.99	226.70	228.79	215.45	7203200	226.70
TSLA	2014-07-12	220.61	218.13	221.60	217.60	3302300	218.13
TSLA	2014-07-11	217.18	219.46	222.22	216.04	4863900	219.46
TSLA	2014-07-10	221.27	223.06	224.22	219.21	4115400	223.06
TSLA	2014-07-09	218.65	219.07	220.96	214.27	7836200	219.07
TSLA	2014-07-08	227.50	222.66	229.78	220.40	5893700	222.66
TSLA	2014-07-04	231.29	229.25	231.90	224.00	5166700	229.25
TSLA	2014-07-03	240.66	229.43	242.33	227.07	8027400	229.43
TSLA	2014-07-02	242.46	239.72	243.44	238.70	4336100	239.72
TSLA	2014-07-01	239.55	240.06	244.49	239.00	4828600	240.06
TSLA	2014-06-28	234.69	239.06	240.00	234.50	5635000	239.06
TSLA	2014-06-27	237.17	235.60	240.40	234.21	5121400	235.60
TSLA	2014-06-26	233.05	236.89	237.55	230.24	5801600	236.89
TSLA	2014-06-25	238.97	232.50	241.88	231.63	8075900	232.50
TSLA	2014-06-24	229.51	237.22	238.99	228.22	7791100	237.22
TSLA	2014-06-21	228.52	229.59	231.29	226.20	4903900	229.59
TSLA	2014-06-20	228.88	227.79	235.31	227.00	8793100	227.79
TSLA	2014-06-19	231.50	227.12	231.71	226.12	6940200	227.12
TSLA	2014-06-18	224.11	231.67	235.54	222.85	13304900	231.67
TSLA	2014-06-17	206.76	224.61	225.49	206.26	13246400	224.61
TSLA	2014-06-14	204.78	206.42	206.79	201.58	3544300	206.42
TSLA	2014-06-13	205.10	203.52	209.88	202.71	5993700	203.52
TSLA	2014-06-12	201.50	204.47	205.00	199.25	3977500	204.47
TSLA	2014-06-11	204.43	202.30	206.97	201.55	3514700	202.30
TSLA	2014-06-10	207.95	205.31	209.99	204.20	2805700	205.31
TSLA	2014-06-07	209.75	208.17	210.81	207.18	3073800	208.17
TSLA	2014-06-06	204.47	206.90	209.20	204.05	4054600	206.90
TSLA	2014-06-05	204.35	203.99	206.26	200.40	3427400	203.99
TSLA	2014-06-04	203.49	204.94	208.00	202.59	3860800	204.94
TSLA	2014-06-03	207.33	204.70	209.35	201.67	4655100	204.70
TSLA	2014-05-31	210.30	207.77	214.80	207.02	5581100	207.77
TSLA	2014-05-30	210.57	210.24	212.49	207.72	3692500	210.24
TSLA	2014-05-29	210.02	210.24	212.77	205.26	5495100	210.24
TSLA	2014-05-28	208.52	211.56	213.87	207.70	5341100	211.56
TSLA	2014-05-24	204.53	207.30	207.76	202.50	4006800	207.30
TSLA	2014-05-23	200.35	204.88	206.88	199.56	6214500	204.88
TSLA	2014-05-22	196.18	199.45	199.87	194.79	5285400	199.45
TSLA	2014-05-21	196.94	195.30	199.33	193.07	5546100	195.30
TSLA	2014-05-20	190.72	196.09	196.89	190.00	4571700	196.09
TSLA	2014-05-17	188.95	191.56	192.04	187.72	4487700	191.56
TSLA	2014-05-16	189.98	188.59	192.66	185.30	6040400	188.59
TSLA	2014-05-15	188.95	190.62	193.48	187.10	5406700	190.62
TSLA	2014-05-14	183.76	190.16	191.34	183.00	7097200	190.16
TSLA	2014-05-13	183.87	184.67	187.19	179.88	7002300	184.67
TSLA	2014-05-10	179.86	182.26	183.40	177.22	8495200	182.26
TSLA	2014-05-09	182.00	178.59	194.40	178.00	20056600	178.59
TSLA	2014-05-08	209.64	201.35	210.20	197.25	10179300	201.35
TSLA	2014-05-07	216.60	207.28	218.66	206.85	5636700	207.28
TSLA	2014-05-06	209.48	216.61	217.69	208.52	5147000	216.61
TSLA	2014-05-03	208.60	210.91	211.36	206.52	4086800	210.91
TSLA	2014-05-02	207.08	207.73	214.02	205.69	5439900	207.73
TSLA	2014-05-01	203.60	207.89	208.16	201.28	4440600	207.89
TSLA	2014-04-30	198.21	206.92	207.15	195.53	5779100	206.92
TSLA	2014-04-29	200.00	198.51	203.79	190.50	7042000	198.51
TSLA	2014-04-26	202.00	199.85	206.70	197.65	6996700	199.85
TSLA	2014-04-25	210.81	207.86	212.80	203.20	5495200	207.86
TSLA	2014-04-24	216.33	207.99	216.74	207.00	7295600	207.99
TSLA	2014-04-23	206.36	218.64	219.33	205.01	9804700	218.64
TSLA	2014-04-22	197.08	204.38	206.20	194.00	5258200	204.38
TSLA	2014-04-18	199.61	198.12	202.29	194.08	5926800	198.12
TSLA	2014-04-17	197.00	199.11	199.99	190.82	7202200	199.11
TSLA	2014-04-16	199.09	193.91	199.29	184.32	13659300	193.91
TSLA	2014-04-15	207.60	198.09	208.44	194.41	7703000	198.09
TSLA	2014-04-12	200.61	203.78	207.00	198.60	9067200	203.78
TSLA	2014-04-11	216.82	204.19	217.50	203.79	7211500	204.19
TSLA	2014-04-10	216.76	216.93	218.45	210.89	5157900	216.93
TSLA	2014-04-09	210.05	215.46	216.49	206.42	6889300	215.46
TSLA	2014-04-08	205.81	207.52	216.20	203.51	9855500	207.52
TSLA	2014-04-05	226.01	212.23	228.27	211.25	11345600	212.23
TSLA	2014-04-04	230.30	225.40	235.73	222.00	10923700	225.40
TSLA	2014-04-03	220.00	230.29	230.89	218.05	10782300	230.29
TSLA	2014-04-02	209.02	216.97	218.16	208.58	7371400	216.97
TSLA	2014-04-01	216.50	208.45	216.75	206.39	8380000	208.45
TSLA	2014-03-29	212.80	212.37	216.72	210.27	9684800	212.37
TSLA	2014-03-28	212.37	207.32	213.60	203.00	9495700	207.32
TSLA	2014-03-27	221.95	212.96	222.60	211.35	6907300	212.96
TSLA	2014-03-26	224.14	220.44	227.05	217.90	7865400	220.44
TSLA	2014-03-25	229.75	220.17	229.90	210.27	11328800	220.17
TSLA	2014-03-22	236.02	228.89	236.20	227.50	8216900	228.89
TSLA	2014-03-21	236.16	234.91	239.25	233.36	3817900	234.91
TSLA	2014-03-20	241.39	235.84	241.55	233.51	5071300	235.84
TSLA	2014-03-19	236.95	240.04	241.50	235.02	6242300	240.04
TSLA	2014-03-18	234.95	233.98	237.93	230.50	5912600	233.98
TSLA	2014-03-15	235.29	230.97	236.94	228.32	8289700	230.97
TSLA	2014-03-14	243.79	237.79	244.19	234.00	6236300	237.79
TSLA	2014-03-13	231.50	241.49	247.50	231.11	9754400	241.49
TSLA	2014-03-12	236.50	234.41	244.60	232.43	8810100	234.41
TSLA	2014-03-11	242.70	238.84	243.00	236.06	7728100	238.84
TSLA	2014-03-08	252.94	246.21	254.85	244.41	7812300	246.21
TSLA	2014-03-07	254.14	252.94	257.50	249.45	7361100	252.94
TSLA	2014-03-06	256.72	252.66	256.99	251.80	5935700	252.66
TSLA	2014-03-05	258.48	254.84	260.00	252.83	8745600	254.84
