symbol,date,time,price,volume
INTC,3/5/2015,20:47:42,33.73,21225808
INTC,3/5/2015,20:47:13,33.73,21225808
INTC,3/5/2015,20:46:42,33.73,21225808
INTC,3/5/2015,20:46:12,33.73,21225808
INTC,3/5/2015,20:45:42,33.73,21225808
INTC,3/5/2015,20:45:12,33.73,21225808
INTC,3/5/2015,20:44:42,33.73,21225808
INTC,3/5/2015,20:44:12,33.73,21225808
INTC,3/5/2015,20:43:42,33.73,21225808
INTC,3/5/2015,20:43:12,33.73,21225808
INTC,3/5/2015,20:42:43,33.73,21225808
INTC,3/5/2015,20:42:12,33.73,21225808
INTC,3/5/2015,20:41:43,33.73,21225808
INTC,3/5/2015,20:41:12,33.73,21225808
INTC,3/5/2015,20:40:42,33.73,21225808
INTC,3/5/2015,20:40:12,33.73,21225808
INTC,3/5/2015,20:39:42,33.73,21225808
INTC,3/5/2015,20:39:12,33.73,21225808
INTC,3/5/2015,20:38:42,33.73,21225808
INTC,3/5/2015,20:38:12,33.73,21225808
INTC,3/5/2015,20:37:42,33.73,21225808
INTC,3/5/2015,20:37:12,33.73,21225808
INTC,3/5/2015,20:36:42,33.73,21225808
INTC,3/5/2015,20:36:12,33.73,21225808
INTC,3/5/2015,20:35:42,33.73,21225808
INTC,3/5/2015,20:35:12,33.73,21225808
INTC,3/5/2015,20:34:42,33.73,21225808
INTC,3/5/2015,20:34:15,33.73,21225808
INTC,3/5/2015,20:33:42,33.73,21225808
INTC,3/5/2015,20:33:12,33.73,21225808
INTC,3/5/2015,20:32:42,33.73,21225808
INTC,3/5/2015,20:32:12,33.73,21225808
INTC,3/5/2015,20:31:43,33.73,21225808
INTC,3/5/2015,20:31:12,33.73,21225808
INTC,3/5/2015,20:30:42,33.73,21225808
INTC,3/5/2015,20:30:12,33.73,21225808
INTC,3/5/2015,20:29:42,33.73,21225808
INTC,3/5/2015,20:29:12,33.73,21225808
INTC,3/5/2015,20:28:42,33.73,21225808
INTC,3/5/2015,20:28:12,33.73,21225808
INTC,3/5/2015,20:27:42,33.73,21225808
INTC,3/5/2015,20:27:12,33.73,21225808
INTC,3/5/2015,20:26:42,33.73,21225808
INTC,3/5/2015,20:26:12,33.73,21225808
INTC,3/5/2015,20:25:42,33.73,21225808
INTC,3/5/2015,20:25:12,33.73,21225808
INTC,3/5/2015,20:24:42,33.73,21225808
INTC,3/5/2015,20:24:12,33.73,21225808
INTC,3/5/2015,20:23:42,33.73,21225808
INTC,3/5/2015,20:23:12,33.73,21225808
INTC,3/5/2015,20:22:42,33.73,21225808
INTC,3/5/2015,20:22:12,33.73,21225808
INTC,3/5/2015,20:21:42,33.73,21225808
INTC,3/5/2015,20:21:12,33.73,21225808
INTC,3/5/2015,20:20:42,33.73,21225808
INTC,3/5/2015,20:20:12,33.73,21225808
INTC,3/5/2015,20:19:42,33.73,21225808
INTC,3/5/2015,20:19:12,33.73,21225808
INTC,3/5/2015,20:18:42,33.73,21225808
INTC,3/5/2015,20:18:12,33.73,21225808
INTC,3/5/2015,20:17:43,33.73,21225808
INTC,3/5/2015,20:17:12,33.73,21225808
INTC,3/5/2015,20:16:42,33.73,21225808
INTC,3/5/2015,20:16:12,33.73,21225808
INTC,3/5/2015,20:15:42,33.73,21225808
INTC,3/5/2015,20:15:12,33.73,21225808
INTC,3/5/2015,20:14:42,33.73,21225808
INTC,3/5/2015,20:14:12,33.73,21225808
INTC,3/5/2015,20:13:42,33.73,21225808
INTC,3/5/2015,20:13:12,33.73,21225808
INTC,3/5/2015,20:12:42,33.73,21225808
INTC,3/5/2015,20:12:12,33.73,21225808
INTC,3/5/2015,20:11:42,33.73,21225808
INTC,3/5/2015,20:11:12,33.73,21225808
INTC,3/5/2015,20:10:42,33.73,21225808
INTC,3/5/2015,20:10:12,33.73,21225808
INTC,3/5/2015,20:09:42,33.73,21225808
INTC,3/5/2015,20:09:12,33.73,21225808
INTC,3/5/2015,20:08:42,33.73,21225808
INTC,3/5/2015,20:08:12,33.73,21225808
INTC,3/5/2015,20:07:42,33.73,21225808
INTC,3/5/2015,20:07:12,33.73,21225808
INTC,3/5/2015,20:06:42,33.73,21225808
INTC,3/5/2015,20:06:12,33.73,21225808
INTC,3/5/2015,20:05:42,33.73,21225808
INTC,3/5/2015,20:05:12,33.73,21225808
INTC,3/5/2015,20:04:42,33.73,21225808
INTC,3/5/2015,20:04:13,33.73,21225808
INTC,3/5/2015,20:03:42,33.73,21225808
INTC,3/5/2015,20:03:13,33.73,21225808
INTC,3/5/2015,20:02:42,33.73,21225808
INTC,3/5/2015,20:02:15,33.73,21225808
INTC,3/5/2015,20:01:42,33.73,21225808
INTC,3/5/2015,20:01:13,33.73,21225808
INTC,3/5/2015,20:00:43,33.73,21225808
INTC,3/5/2015,20:00:16,33.73,21225808
INTC,3/5/2015,19:59:42,33.73,21225808
INTC,3/5/2015,19:59:12,33.73,21225808
INTC,3/5/2015,19:58:42,33.73,21225808
INTC,3/5/2015,19:58:12,33.73,21225808
INTC,3/5/2015,19:57:42,33.73,21225808
INTC,3/5/2015,19:57:13,33.73,21225808
INTC,3/5/2015,19:56:42,33.73,21225808
INTC,3/5/2015,19:56:12,33.73,21225808
INTC,3/5/2015,19:55:42,33.73,21225808
INTC,3/5/2015,19:55:12,33.73,21225808
INTC,3/5/2015,19:54:42,33.73,21225808
INTC,3/5/2015,19:54:12,33.73,21225808
INTC,3/5/2015,19:53:43,33.73,21225808
INTC,3/5/2015,19:53:12,33.73,21225808
INTC,3/5/2015,19:52:42,33.73,21225808
INTC,3/5/2015,19:52:12,33.73,21225808
INTC,3/5/2015,19:51:42,33.73,21225808
INTC,3/5/2015,19:51:12,33.73,21225808
INTC,3/5/2015,19:50:42,33.73,21225808
INTC,3/5/2015,19:50:12,33.73,21225808
INTC,3/5/2015,19:49:42,33.73,21225808
INTC,3/5/2015,19:49:12,33.73,21225808
INTC,3/5/2015,19:48:42,33.73,21225808
INTC,3/5/2015,19:48:12,33.73,21225808
INTC,3/5/2015,19:47:42,33.73,21225808
INTC,3/5/2015,19:47:12,33.73,21225808
INTC,3/5/2015,19:46:43,33.73,21225808
INTC,3/5/2015,19:46:12,33.73,21225808
INTC,3/5/2015,19:45:42,33.73,21225808
INTC,3/5/2015,19:45:12,33.73,21225808
INTC,3/5/2015,19:44:43,33.73,21225808
INTC,3/5/2015,19:44:12,33.73,21225808
INTC,3/5/2015,19:43:43,33.73,21225808
INTC,3/5/2015,19:43:12,33.73,21225808
INTC,3/5/2015,19:42:42,33.73,21225808
INTC,3/5/2015,19:42:13,33.73,21225808
INTC,3/5/2015,19:41:42,33.73,21225808
INTC,3/5/2015,19:41:12,33.73,21225808
INTC,3/5/2015,19:40:42,33.73,21225808
INTC,3/5/2015,19:40:12,33.73,21225808
INTC,3/5/2015,19:39:42,33.73,21225808
INTC,3/5/2015,19:39:12,33.73,21225808
INTC,3/5/2015,19:38:42,33.73,21225808
INTC,3/5/2015,19:38:12,33.73,21225808
INTC,3/5/2015,19:37:42,33.73,21225808
INTC,3/5/2015,19:37:12,33.73,21225808
INTC,3/5/2015,19:36:42,33.73,21225808
INTC,3/5/2015,19:36:12,33.73,21225808
INTC,3/5/2015,19:35:42,33.73,21225808
INTC,3/5/2015,19:35:12,33.73,21225808
INTC,3/5/2015,19:34:42,33.73,21225808
INTC,3/5/2015,19:34:12,33.73,21225808
INTC,3/5/2015,19:33:42,33.73,21225808
INTC,3/5/2015,19:33:12,33.73,21225808
INTC,3/5/2015,19:32:42,33.73,21225808
INTC,3/5/2015,19:32:12,33.73,21225808
INTC,3/5/2015,19:31:42,33.73,21225808
INTC,3/5/2015,19:31:12,33.73,21225808
INTC,3/5/2015,19:30:42,33.73,21225808
INTC,3/5/2015,19:30:12,33.73,21225808
INTC,3/5/2015,19:29:42,33.73,21225808
INTC,3/5/2015,19:29:13,33.73,21225808
INTC,3/5/2015,19:28:42,33.73,21225808
INTC,3/5/2015,19:28:12,33.73,21225808
INTC,3/5/2015,19:27:42,33.73,21225808
INTC,3/5/2015,19:27:12,33.73,21225808
INTC,3/5/2015,19:26:42,33.73,21225808
INTC,3/5/2015,19:26:12,33.73,21225808
INTC,3/5/2015,19:25:42,33.73,21225808
INTC,3/5/2015,19:25:13,33.73,21225808
INTC,3/5/2015,19:24:42,33.73,21225808
INTC,3/5/2015,19:24:12,33.73,21225808
INTC,3/5/2015,19:23:42,33.73,21225808
INTC,3/5/2015,19:23:12,33.73,21225808
INTC,3/5/2015,19:22:42,33.73,21225808
INTC,3/5/2015,19:22:12,33.73,21225808
INTC,3/5/2015,19:21:42,33.73,21225808
INTC,3/5/2015,19:21:12,33.73,21225808
INTC,3/5/2015,19:20:42,33.73,21225808
INTC,3/5/2015,19:20:12,33.73,21225796
INTC,3/5/2015,19:19:42,33.73,21225796
INTC,3/5/2015,19:19:12,33.73,21225796
INTC,3/5/2015,19:18:42,33.73,21225796
INTC,3/5/2015,19:18:12,33.73,21225796
INTC,3/5/2015,19:17:42,33.73,21225796
INTC,3/5/2015,19:17:12,33.73,21225796
INTC,3/5/2015,19:16:42,33.73,21225796
INTC,3/5/2015,19:16:12,33.73,21225796
INTC,3/5/2015,19:15:42,33.73,21225796
INTC,3/5/2015,19:15:12,33.73,21225796
INTC,3/5/2015,19:14:42,33.73,21225796
INTC,3/5/2015,19:14:12,33.73,21225796
INTC,3/5/2015,19:13:42,33.73,21225796
INTC,3/5/2015,19:13:12,33.73,21225796
INTC,3/5/2015,19:12:42,33.73,21225796
INTC,3/5/2015,19:12:12,33.73,21225796
INTC,3/5/2015,19:11:42,33.73,21225796
INTC,3/5/2015,19:11:12,33.73,21225796
INTC,3/5/2015,19:10:42,33.73,21225796
INTC,3/5/2015,19:10:12,33.73,21225796
INTC,3/5/2015,19:09:43,33.73,21225796
INTC,3/5/2015,19:09:12,33.73,21225796
INTC,3/5/2015,19:08:43,33.73,21225796
INTC,3/5/2015,19:08:12,33.73,21225796
INTC,3/5/2015,19:07:42,33.73,21225796
INTC,3/5/2015,19:07:12,33.73,21225796
INTC,3/5/2015,19:06:42,33.73,21225796
INTC,3/5/2015,19:06:12,33.73,21225796
INTC,3/5/2015,19:05:42,33.73,21225796
INTC,3/5/2015,19:05:12,33.73,21225796
INTC,3/5/2015,19:04:42,33.73,21225796
INTC,3/5/2015,19:04:12,33.73,21225796
INTC,3/5/2015,19:03:42,33.73,21225796
INTC,3/5/2015,19:03:12,33.73,21225796
INTC,3/5/2015,19:02:42,33.73,21225796
INTC,3/5/2015,19:02:12,33.73,21225796
INTC,3/5/2015,19:01:42,33.73,21225796
INTC,3/5/2015,19:01:12,33.73,21225796
INTC,3/5/2015,19:00:42,33.73,21225796
INTC,3/5/2015,19:00:12,33.73,21225796
INTC,3/5/2015,18:59:42,33.73,21225796
INTC,3/5/2015,18:59:12,33.73,21225796
INTC,3/5/2015,18:58:42,33.73,21225796
INTC,3/5/2015,18:58:12,33.73,21225796
INTC,3/5/2015,18:57:42,33.73,21225796
INTC,3/5/2015,18:57:12,33.73,21225796
INTC,3/5/2015,18:56:42,33.73,21225796
INTC,3/5/2015,18:56:12,33.73,21225796
INTC,3/5/2015,18:55:42,33.73,21225796
INTC,3/5/2015,18:55:12,33.73,21225796
INTC,3/5/2015,18:54:42,33.73,21225796
INTC,3/5/2015,18:54:12,33.73,21225796
INTC,3/5/2015,18:53:42,33.73,21225796
INTC,3/5/2015,18:53:12,33.73,21225796
INTC,3/5/2015,18:52:42,33.73,21225796
INTC,3/5/2015,18:52:12,33.73,21225796
INTC,3/5/2015,18:51:42,33.73,21225796
INTC,3/5/2015,18:51:12,33.73,21225796
INTC,3/5/2015,18:50:42,33.73,21225796
INTC,3/5/2015,18:50:12,33.73,21225796
INTC,3/5/2015,18:49:42,33.73,21225796
INTC,3/5/2015,18:49:12,33.73,21225796
INTC,3/5/2015,18:48:42,33.73,21225796
INTC,3/5/2015,18:48:12,33.73,21225796
INTC,3/5/2015,18:47:42,33.73,21225796
INTC,3/5/2015,18:47:12,33.73,21225796
INTC,3/5/2015,18:46:42,33.73,21225796
INTC,3/5/2015,18:46:12,33.73,21206768
INTC,3/5/2015,18:45:42,33.73,21206768
INTC,3/5/2015,18:45:12,33.73,21206768
INTC,3/5/2015,18:44:42,33.73,21206768
INTC,3/5/2015,18:44:12,33.73,21206768
INTC,3/5/2015,18:43:42,33.73,21206768
INTC,3/5/2015,18:43:12,33.73,21206768
INTC,3/5/2015,18:42:42,33.73,21206768
INTC,3/5/2015,18:42:12,33.73,21206768
INTC,3/5/2015,18:41:42,33.73,21206768
INTC,3/5/2015,18:41:12,33.73,21206768
INTC,3/5/2015,18:40:43,33.73,21206768
INTC,3/5/2015,18:40:12,33.73,21206768
INTC,3/5/2015,18:39:42,33.73,21206768
INTC,3/5/2015,18:39:12,33.73,21206768
INTC,3/5/2015,18:38:42,33.73,21206768
INTC,3/5/2015,18:38:14,33.73,21206768
INTC,3/5/2015,18:37:42,33.73,21206768
INTC,3/5/2015,18:37:12,33.73,21206768
INTC,3/5/2015,18:36:42,33.73,21206768
INTC,3/5/2015,18:36:12,33.73,21206768
INTC,3/5/2015,18:35:42,33.73,21206768
INTC,3/5/2015,18:35:12,33.73,21206768
INTC,3/5/2015,18:34:42,33.73,21206768
INTC,3/5/2015,18:34:13,33.73,21206768
INTC,3/5/2015,18:33:43,33.73,21206768
INTC,3/5/2015,18:33:12,33.73,21206768
INTC,3/5/2015,18:32:42,33.73,21206768
INTC,3/5/2015,18:32:12,33.73,21206768
INTC,3/5/2015,18:31:42,33.73,21206768
INTC,3/5/2015,18:31:15,33.73,21206768
INTC,3/5/2015,18:30:42,33.73,21206768
INTC,3/5/2015,18:30:12,33.73,21206768
INTC,3/5/2015,18:29:42,33.73,21206768
INTC,3/5/2015,18:29:12,33.73,21206768
INTC,3/5/2015,18:28:43,33.73,21206768
INTC,3/5/2015,18:28:12,33.73,21206768
INTC,3/5/2015,18:27:42,33.73,21206768
INTC,3/5/2015,18:27:12,33.73,21206768
INTC,3/5/2015,18:26:42,33.73,21206768
INTC,3/5/2015,18:26:12,33.73,21206768
INTC,3/5/2015,18:25:42,33.73,21206768
INTC,3/5/2015,18:25:12,33.73,21206768
INTC,3/5/2015,18:24:43,33.73,21206768
INTC,3/5/2015,18:24:12,33.73,21206768
INTC,3/5/2015,18:23:46,33.73,21206768
INTC,3/5/2015,18:23:12,33.73,21206768
INTC,3/5/2015,18:22:42,33.73,21206768
INTC,3/5/2015,18:22:12,33.73,21206768
INTC,3/5/2015,18:21:42,33.73,21206768
INTC,3/5/2015,18:21:12,33.73,21206768
INTC,3/5/2015,18:20:42,33.73,21206768
INTC,3/5/2015,18:20:12,33.73,21206768
INTC,3/5/2015,18:19:42,33.73,21206768
INTC,3/5/2015,18:19:12,33.73,21206768
INTC,3/5/2015,18:18:42,33.73,21206768
INTC,3/5/2015,18:18:12,33.73,21206768
INTC,3/5/2015,18:17:42,33.73,21206768
INTC,3/5/2015,18:17:12,33.73,21206768
INTC,3/5/2015,18:16:42,33.73,21206768
INTC,3/5/2015,18:16:12,33.73,21206768
INTC,3/5/2015,18:15:42,33.73,21206768
INTC,3/5/2015,18:15:12,33.73,21206768
INTC,3/5/2015,18:14:42,33.73,21206768
INTC,3/5/2015,18:14:12,33.73,21206768
INTC,3/5/2015,18:13:42,33.73,21206768
INTC,3/5/2015,18:13:12,33.73,21206768
INTC,3/5/2015,18:12:42,33.73,21206768
INTC,3/5/2015,18:12:12,33.73,21206768
INTC,3/5/2015,18:11:42,33.73,21206768
INTC,3/5/2015,18:11:12,33.73,21206768
INTC,3/5/2015,18:10:42,33.73,21206768
INTC,3/5/2015,18:10:12,33.73,21206768
INTC,3/5/2015,18:09:42,33.73,21206768
INTC,3/5/2015,18:09:12,33.73,21206768
INTC,3/5/2015,18:08:43,33.73,21206768
INTC,3/5/2015,18:08:12,33.73,21206768
INTC,3/5/2015,18:07:42,33.73,21206668
INTC,3/5/2015,18:07:12,33.73,21206668
INTC,3/5/2015,18:06:42,33.73,21206668
INTC,3/5/2015,18:06:13,33.73,21206668
INTC,3/5/2015,18:05:42,33.73,21206668
INTC,3/5/2015,18:05:12,33.73,21206668
INTC,3/5/2015,18:04:42,33.73,21206668
INTC,3/5/2015,18:04:12,33.73,21206668
INTC,3/5/2015,18:03:42,33.73,21206668
INTC,3/5/2015,18:03:12,33.73,21206668
INTC,3/5/2015,18:02:42,33.73,21206668
INTC,3/5/2015,18:02:12,33.73,21206668
INTC,3/5/2015,18:01:42,33.73,21206668
INTC,3/5/2015,18:01:12,33.73,21206668
INTC,3/5/2015,18:00:42,33.73,21206668
INTC,3/5/2015,18:00:13,33.73,21206668
INTC,3/5/2015,17:59:42,33.73,21206668
INTC,3/5/2015,17:59:14,33.73,21206668
INTC,3/5/2015,17:58:42,33.73,21206668
INTC,3/5/2015,17:58:12,33.73,21206668
INTC,3/5/2015,17:57:42,33.73,21206668
INTC,3/5/2015,17:57:12,33.73,21206668
INTC,3/5/2015,17:56:42,33.73,21206668
INTC,3/5/2015,17:56:12,33.73,21206668
INTC,3/5/2015,17:55:42,33.73,21206668
INTC,3/5/2015,17:55:12,33.73,21206668
INTC,3/5/2015,17:54:42,33.73,21206668
INTC,3/5/2015,17:54:12,33.73,21206668
INTC,3/5/2015,17:53:42,33.73,21206668
INTC,3/5/2015,17:53:12,33.73,21206668
INTC,3/5/2015,17:52:42,33.73,21206668
INTC,3/5/2015,17:52:13,33.73,21206668
INTC,3/5/2015,17:51:42,33.73,21206668
INTC,3/5/2015,17:51:12,33.73,21206668
INTC,3/5/2015,17:50:42,33.73,21206668
INTC,3/5/2015,17:50:12,33.73,21206668
INTC,3/5/2015,17:49:42,33.73,21206668
INTC,3/5/2015,17:49:12,33.73,21206668
INTC,3/5/2015,17:48:42,33.73,21206668
INTC,3/5/2015,17:48:12,33.73,21206668
INTC,3/5/2015,17:47:42,33.73,21206668
INTC,3/5/2015,17:47:12,33.73,21206658
INTC,3/5/2015,17:46:42,33.73,21206658
INTC,3/5/2015,17:46:12,33.73,21206658
INTC,3/5/2015,17:45:42,33.73,21206658
INTC,3/5/2015,17:45:12,33.73,21197548
INTC,3/5/2015,17:44:42,33.73,21197548
INTC,3/5/2015,17:44:12,33.73,21197548
INTC,3/5/2015,17:43:42,33.73,21197548
INTC,3/5/2015,17:43:12,33.73,21197548
INTC,3/5/2015,17:42:42,33.73,21197548
INTC,3/5/2015,17:42:12,33.73,21197548
INTC,3/5/2015,17:41:42,33.73,21197548
INTC,3/5/2015,17:41:12,33.73,21197548
INTC,3/5/2015,17:40:42,33.73,21197548
INTC,3/5/2015,17:40:12,33.73,21197548
INTC,3/5/2015,17:39:42,33.73,21197548
INTC,3/5/2015,17:39:12,33.73,21197548
INTC,3/5/2015,17:38:42,33.73,21197548
INTC,3/5/2015,17:38:12,33.73,21197548
INTC,3/5/2015,17:37:42,33.73,21197548
INTC,3/5/2015,17:37:12,33.73,21197348
INTC,3/5/2015,17:36:43,33.73,21197348
INTC,3/5/2015,17:36:12,33.73,21197348
INTC,3/5/2015,17:35:42,33.73,21197348
INTC,3/5/2015,17:35:12,33.73,21197348
INTC,3/5/2015,17:34:42,33.73,21197348
INTC,3/5/2015,17:34:12,33.73,21197348
INTC,3/5/2015,17:33:42,33.73,21197348
INTC,3/5/2015,17:33:13,33.73,21197348
INTC,3/5/2015,17:32:42,33.73,21197348
INTC,3/5/2015,17:32:12,33.73,21197348
INTC,3/5/2015,17:31:42,33.73,21197348
INTC,3/5/2015,17:31:12,33.73,21197348
INTC,3/5/2015,17:30:42,33.73,21197348
INTC,3/5/2015,17:30:12,33.73,21197348
INTC,3/5/2015,17:29:42,33.73,21197348
INTC,3/5/2015,17:29:12,33.73,21197348
INTC,3/5/2015,17:28:42,33.73,21197348
INTC,3/5/2015,17:28:12,33.73,21197348
INTC,3/5/2015,17:27:42,33.73,21197348
INTC,3/5/2015,17:27:12,33.73,21197348
INTC,3/5/2015,17:26:42,33.73,21197348
INTC,3/5/2015,17:26:13,33.73,21197348
INTC,3/5/2015,17:25:42,33.73,21197348
INTC,3/5/2015,17:25:12,33.73,21197348
INTC,3/5/2015,17:24:42,33.73,21188420
INTC,3/5/2015,17:24:12,33.73,21188420
INTC,3/5/2015,17:23:43,33.73,21188420
INTC,3/5/2015,17:23:12,33.73,21188420
INTC,3/5/2015,17:22:42,33.73,21188420
INTC,3/5/2015,17:22:12,33.73,21188420
INTC,3/5/2015,17:21:42,33.73,21188420
INTC,3/5/2015,17:21:12,33.73,21188420
INTC,3/5/2015,17:20:42,33.73,21188420
INTC,3/5/2015,17:20:12,33.73,21188420
INTC,3/5/2015,17:19:42,33.73,21188420
INTC,3/5/2015,17:19:12,33.73,21188420
INTC,3/5/2015,17:18:42,33.73,21188420
INTC,3/5/2015,17:18:12,33.73,21188420
INTC,3/5/2015,17:17:42,33.73,21188420
INTC,3/5/2015,17:17:12,33.73,21188420
INTC,3/5/2015,17:16:42,33.73,21188420
INTC,3/5/2015,17:16:12,33.73,21188420
INTC,3/5/2015,17:15:42,33.73,21188420
INTC,3/5/2015,17:15:13,33.73,21188420
INTC,3/5/2015,17:14:42,33.73,21188420
INTC,3/5/2015,17:14:12,33.73,21188420
INTC,3/5/2015,17:13:42,33.73,21188420
INTC,3/5/2015,17:13:12,33.73,21188420
INTC,3/5/2015,17:12:42,33.73,21188420
INTC,3/5/2015,17:12:12,33.73,21188420
INTC,3/5/2015,17:11:42,33.73,21188420
INTC,3/5/2015,17:11:12,33.73,21188420
INTC,3/5/2015,17:10:42,33.73,21188420
INTC,3/5/2015,17:10:12,33.73,21188420
INTC,3/5/2015,17:09:42,33.73,21188420
INTC,3/5/2015,17:09:12,33.73,21188420
INTC,3/5/2015,17:08:42,33.73,21187420
INTC,3/5/2015,17:08:13,33.73,21187420
INTC,3/5/2015,17:07:42,33.73,21187420
INTC,3/5/2015,17:07:12,33.73,21187420
INTC,3/5/2015,17:06:42,33.73,21187420
INTC,3/5/2015,17:06:12,33.73,21187420
INTC,3/5/2015,17:05:42,33.73,21187420
INTC,3/5/2015,17:05:12,33.73,21187420
INTC,3/5/2015,17:04:42,33.73,21187420
INTC,3/5/2015,17:04:12,33.73,21187420
INTC,3/5/2015,17:03:43,33.73,21187420
INTC,3/5/2015,17:03:12,33.73,21187420
INTC,3/5/2015,17:02:42,33.73,21187420
INTC,3/5/2015,17:02:12,33.73,21187420
INTC,3/5/2015,17:01:42,33.73,21187420
INTC,3/5/2015,17:01:12,33.73,21187044
INTC,3/5/2015,17:00:42,33.73,21187044
INTC,3/5/2015,17:00:12,33.73,21187044
INTC,3/5/2015,16:59:42,33.73,21187044
INTC,3/5/2015,16:59:13,33.73,21187044
INTC,3/5/2015,16:58:42,33.73,21187044
INTC,3/5/2015,16:58:12,33.73,21093716
INTC,3/5/2015,16:57:42,33.73,21093716
INTC,3/5/2015,16:57:12,33.73,21093716
INTC,3/5/2015,16:56:42,33.73,21093716
INTC,3/5/2015,16:56:12,33.73,21093716
INTC,3/5/2015,16:55:42,33.73,21093716
INTC,3/5/2015,16:55:12,33.73,21093716
INTC,3/5/2015,16:54:42,33.73,21093716
INTC,3/5/2015,16:54:12,33.73,21093716
INTC,3/5/2015,16:53:42,33.73,21093716
INTC,3/5/2015,16:53:12,33.73,21093716
INTC,3/5/2015,16:52:42,33.73,21093716
INTC,3/5/2015,16:52:12,33.73,21093716
INTC,3/5/2015,16:51:42,33.73,21093716
INTC,3/5/2015,16:51:12,33.73,21093716
INTC,3/5/2015,16:50:42,33.73,21093716
INTC,3/5/2015,16:50:12,33.73,21093716
INTC,3/5/2015,16:49:42,33.73,21093716
INTC,3/5/2015,16:49:12,33.73,21093716
INTC,3/5/2015,16:48:44,33.73,21093416
INTC,3/5/2015,16:48:12,33.73,21093416
INTC,3/5/2015,16:47:42,33.73,21093416
INTC,3/5/2015,16:47:12,33.73,21093416
INTC,3/5/2015,16:46:42,33.73,21093416
INTC,3/5/2015,16:46:12,33.73,21093416
INTC,3/5/2015,16:45:45,33.73,21093416
INTC,3/5/2015,16:45:12,33.73,21093216
INTC,3/5/2015,16:44:42,33.73,21034760
INTC,3/5/2015,16:44:12,33.73,21030404
INTC,3/5/2015,16:43:42,33.73,21030404
INTC,3/5/2015,16:43:12,33.73,21030404
INTC,3/5/2015,16:42:43,33.73,21030404
INTC,3/5/2015,16:42:12,33.73,21030404
INTC,3/5/2015,16:41:42,33.73,21030208
INTC,3/5/2015,16:41:12,33.73,21030208
INTC,3/5/2015,16:40:42,33.73,21030208
INTC,3/5/2015,16:40:12,33.73,21030208
INTC,3/5/2015,16:39:42,33.73,21030208
INTC,3/5/2015,16:39:12,33.73,21030208
INTC,3/5/2015,16:38:42,33.73,21030208
INTC,3/5/2015,16:38:12,33.73,21030208
INTC,3/5/2015,16:37:42,33.73,21030208
INTC,3/5/2015,16:37:12,33.73,21030208
INTC,3/5/2015,16:36:42,33.73,21030208
INTC,3/5/2015,16:36:12,33.73,21030208
INTC,3/5/2015,16:35:42,33.73,21029600
INTC,3/5/2015,16:35:13,33.73,21029100
INTC,3/5/2015,16:34:42,33.73,21029100
INTC,3/5/2015,16:34:12,33.73,21029100
INTC,3/5/2015,16:33:42,33.73,21029100
INTC,3/5/2015,16:33:12,33.73,21029100
INTC,3/5/2015,16:32:42,33.73,20989312
INTC,3/5/2015,16:32:12,33.73,20988312
INTC,3/5/2015,16:31:42,33.73,20988312
INTC,3/5/2015,16:31:12,33.73,20988312
INTC,3/5/2015,16:30:42,33.73,20976212
INTC,3/5/2015,16:30:12,33.73,20976212
INTC,3/5/2015,16:29:42,33.72,20976212
INTC,3/5/2015,16:29:12,33.72,20948992
INTC,3/5/2015,16:28:42,33.72,20948992
INTC,3/5/2015,16:28:12,33.72,20948992
INTC,3/5/2015,16:27:42,33.72,20948992
INTC,3/5/2015,16:27:12,33.72,20948992
INTC,3/5/2015,16:26:46,33.72,20948732
INTC,3/5/2015,16:26:12,33.72,20948732
INTC,3/5/2015,16:25:42,33.72,20945232
INTC,3/5/2015,16:25:12,33.72,20945232
INTC,3/5/2015,16:24:42,33.72,20945232
INTC,3/5/2015,16:24:12,33.72,20945112
INTC,3/5/2015,16:23:42,33.72,20943436
INTC,3/5/2015,16:23:12,33.72,20943436
INTC,3/5/2015,16:22:42,33.72,20943436
INTC,3/5/2015,16:22:12,33.72,20924336
INTC,3/5/2015,16:21:42,33.72,20924336
INTC,3/5/2015,16:21:12,33.72,20924336
INTC,3/5/2015,16:20:42,33.72,20924336
INTC,3/5/2015,16:20:12,33.72,20924336
INTC,3/5/2015,16:19:42,33.72,20924336
INTC,3/5/2015,16:19:12,33.72,20924336
INTC,3/5/2015,16:18:42,33.72,20924336
INTC,3/5/2015,16:18:12,33.72,20924336
INTC,3/5/2015,16:17:42,33.72,20924336
INTC,3/5/2015,16:17:12,33.72,20924336
INTC,3/5/2015,16:16:42,33.72,20924336
INTC,3/5/2015,16:16:12,33.72,20924336
INTC,3/5/2015,16:15:42,33.72,20924336
INTC,3/5/2015,16:15:12,33.72,20817756
INTC,3/5/2015,16:14:42,33.74,19394964
INTC,3/5/2015,16:14:12,33.73,19265360
INTC,3/5/2015,16:13:42,33.72,19203080
INTC,3/5/2015,16:13:12,33.74,19042838
INTC,3/5/2015,16:12:42,33.75,18901654
INTC,3/5/2015,16:12:12,33.75,18878946
INTC,3/5/2015,16:11:42,33.76,18749296
INTC,3/5/2015,16:11:12,33.76,18658516
INTC,3/5/2015,16:10:42,33.76,18628064
INTC,3/5/2015,16:10:12,33.76,18518112
INTC,3/5/2015,16:09:42,33.75,18450330
INTC,3/5/2015,16:09:12,33.75,18415752
INTC,3/5/2015,16:08:43,33.76,18385620
INTC,3/5/2015,16:08:12,33.75,18218672
INTC,3/5/2015,16:07:42,33.74,18189170
INTC,3/5/2015,16:07:12,33.75,18102584
INTC,3/5/2015,16:06:42,33.75,18029482
INTC,3/5/2015,16:06:12,33.76,17946678
INTC,3/5/2015,16:05:42,33.75,17929536
INTC,3/5/2015,16:05:12,33.75,17845578
INTC,3/5/2015,16:04:42,33.74,17736082
INTC,3/5/2015,16:04:13,33.74,17723984
INTC,3/5/2015,16:03:42,33.72,17680872
INTC,3/5/2015,16:03:12,33.72,17651640
INTC,3/5/2015,16:02:43,33.72,17617114
INTC,3/5/2015,16:02:12,33.74,17568484
INTC,3/5/2015,16:01:42,33.75,17539508
INTC,3/5/2015,16:01:13,33.74,17514912
INTC,3/5/2015,16:00:42,33.72,17468284
INTC,3/5/2015,16:00:13,33.71,17449336
INTC,3/5/2015,15:59:42,33.7,17424060
INTC,3/5/2015,15:59:12,33.72,17219154
INTC,3/5/2015,15:58:42,33.74,17183624
INTC,3/5/2015,15:58:12,33.75,17151990
INTC,3/5/2015,15:57:42,33.75,17132572
INTC,3/5/2015,15:57:12,33.75,17107364
INTC,3/5/2015,15:56:42,33.74,17087256
INTC,3/5/2015,15:56:12,33.73,17044740
INTC,3/5/2015,15:55:42,33.74,17011312
INTC,3/5/2015,15:55:12,33.74,17003576
INTC,3/5/2015,15:54:42,33.75,16964232
INTC,3/5/2015,15:54:12,33.74,16952684
INTC,3/5/2015,15:53:42,33.75,16944430
INTC,3/5/2015,15:53:12,33.74,16911028
INTC,3/5/2015,15:52:42,33.74,16895060
INTC,3/5/2015,15:52:12,33.74,16889898
INTC,3/5/2015,15:51:42,33.74,16880052
INTC,3/5/2015,15:51:12,33.74,16855976
INTC,3/5/2015,15:50:42,33.71,16829376
INTC,3/5/2015,15:50:12,33.71,16819426
INTC,3/5/2015,15:49:42,33.71,16797004
INTC,3/5/2015,15:49:12,33.72,16740484
INTC,3/5/2015,15:48:43,33.72,16733382
INTC,3/5/2015,15:48:12,33.74,16724184
INTC,3/5/2015,15:47:42,33.73,16701261
INTC,3/5/2015,15:47:12,33.72,16683730
INTC,3/5/2015,15:46:42,33.73,16649167
INTC,3/5/2015,15:46:13,33.75,16622473
INTC,3/5/2015,15:45:42,33.75,16618218
INTC,3/5/2015,15:45:12,33.77,16559619
INTC,3/5/2015,15:44:42,33.77,16551725
INTC,3/5/2015,15:44:12,33.77,16544245
INTC,3/5/2015,15:43:42,33.77,16537727
INTC,3/5/2015,15:43:12,33.77,16533122
INTC,3/5/2015,15:42:42,33.75,16495053
INTC,3/5/2015,15:42:12,33.78,16430021
INTC,3/5/2015,15:41:42,33.78,16424006
INTC,3/5/2015,15:41:12,33.78,16420056
INTC,3/5/2015,15:40:42,33.77,16414835
INTC,3/5/2015,15:40:12,33.78,16396324
INTC,3/5/2015,15:39:42,33.77,16383960
INTC,3/5/2015,15:39:12,33.78,16375638
INTC,3/5/2015,15:38:42,33.77,16371912
INTC,3/5/2015,15:38:12,33.78,16353663
INTC,3/5/2015,15:37:42,33.78,16349742
INTC,3/5/2015,15:37:12,33.78,16339970
INTC,3/5/2015,15:36:42,33.78,16330660
INTC,3/5/2015,15:36:12,33.77,16312948
INTC,3/5/2015,15:35:42,33.77,16299321
INTC,3/5/2015,15:35:12,33.77,16287285
INTC,3/5/2015,15:34:42,33.76,16273739
INTC,3/5/2015,15:34:14,33.77,16268951
INTC,3/5/2015,15:33:42,33.77,16244068
INTC,3/5/2015,15:33:12,33.76,16227828
INTC,3/5/2015,15:32:42,33.77,16211758
INTC,3/5/2015,15:32:13,33.76,16198972
INTC,3/5/2015,15:31:42,33.77,16190434
INTC,3/5/2015,15:31:13,33.78,16169625
INTC,3/5/2015,15:30:42,33.77,16154329
INTC,3/5/2015,15:30:13,33.75,16141242
INTC,3/5/2015,15:29:42,33.74,16111365
INTC,3/5/2015,15:29:12,33.74,16103412
INTC,3/5/2015,15:28:43,33.73,16093971
INTC,3/5/2015,15:28:12,33.74,16077375
INTC,3/5/2015,15:27:42,33.74,16063522
INTC,3/5/2015,15:27:12,33.74,16059203
INTC,3/5/2015,15:26:46,33.74,16044359
INTC,3/5/2015,15:26:13,33.74,16032008
INTC,3/5/2015,15:25:42,33.74,16024380
INTC,3/5/2015,15:25:12,33.74,16015788
INTC,3/5/2015,15:24:42,33.73,15998130
INTC,3/5/2015,15:24:12,33.72,15969391
INTC,3/5/2015,15:23:42,33.75,15921433
INTC,3/5/2015,15:23:12,33.74,15916332
INTC,3/5/2015,15:22:42,33.74,15905447
INTC,3/5/2015,15:22:12,33.74,15888701
INTC,3/5/2015,15:21:42,33.75,15872031
INTC,3/5/2015,15:21:13,33.75,15850574
INTC,3/5/2015,15:20:43,33.75,15840999
INTC,3/5/2015,15:20:12,33.74,15837329
INTC,3/5/2015,15:19:42,33.75,15828227
INTC,3/5/2015,15:19:12,33.76,15803996
INTC,3/5/2015,15:18:42,33.75,15787492
INTC,3/5/2015,15:18:12,33.74,15772437
INTC,3/5/2015,15:17:43,33.75,15753239
INTC,3/5/2015,15:17:12,33.74,15735735
INTC,3/5/2015,15:16:42,33.75,15707737
INTC,3/5/2015,15:16:12,33.74,15700930
INTC,3/5/2015,15:15:42,33.76,15677920
INTC,3/5/2015,15:15:13,33.76,15664038
INTC,3/5/2015,15:14:42,33.75,15655817
INTC,3/5/2015,15:14:12,33.76,15648895
INTC,3/5/2015,15:13:42,33.75,15606031
INTC,3/5/2015,15:13:12,33.76,15602451
INTC,3/5/2015,15:12:42,33.76,15594775
INTC,3/5/2015,15:12:12,33.77,15577724
INTC,3/5/2015,15:11:42,33.77,15571225
INTC,3/5/2015,15:11:12,33.76,15560600
INTC,3/5/2015,15:10:45,33.77,15545336
INTC,3/5/2015,15:10:12,33.78,15538514
INTC,3/5/2015,15:09:43,33.77,15521287
INTC,3/5/2015,15:09:13,33.78,15515890
INTC,3/5/2015,15:08:42,33.77,15508484
INTC,3/5/2015,15:08:12,33.76,15479737
INTC,3/5/2015,15:07:42,33.74,15464632
INTC,3/5/2015,15:07:12,33.74,15459762
INTC,3/5/2015,15:06:42,33.72,15448457
INTC,3/5/2015,15:06:12,33.69,15440950
INTC,3/5/2015,15:05:42,33.68,15381262
INTC,3/5/2015,15:05:12,33.68,15344517
INTC,3/5/2015,15:04:42,33.68,15340264
INTC,3/5/2015,15:04:12,33.69,15328869
INTC,3/5/2015,15:03:42,33.7,15325360
INTC,3/5/2015,15:03:12,33.72,15308712
INTC,3/5/2015,15:02:42,33.72,15293707
INTC,3/5/2015,15:02:12,33.72,15290127
INTC,3/5/2015,15:01:42,33.72,15284651
INTC,3/5/2015,15:01:14,33.71,15281208
INTC,3/5/2015,15:00:42,33.72,15271433
INTC,3/5/2015,15:00:12,33.71,15255716
INTC,3/5/2015,14:59:42,33.71,15248850
INTC,3/5/2015,14:59:12,33.71,15234112
INTC,3/5/2015,14:58:42,33.71,15211145
INTC,3/5/2015,14:58:12,33.73,15206023
INTC,3/5/2015,14:57:42,33.72,15194001
INTC,3/5/2015,14:57:12,33.73,15188942
INTC,3/5/2015,14:56:42,33.72,15182353
INTC,3/5/2015,14:56:12,33.71,15155708
INTC,3/5/2015,14:55:42,33.7,15144507
INTC,3/5/2015,14:55:12,33.71,15126209
INTC,3/5/2015,14:54:42,33.7,15118689
INTC,3/5/2015,14:54:12,33.71,15111523
INTC,3/5/2015,14:53:42,33.72,15096658
INTC,3/5/2015,14:53:12,33.7,15077538
INTC,3/5/2015,14:52:42,33.68,15049635
INTC,3/5/2015,14:52:12,33.68,15041591
INTC,3/5/2015,14:51:42,33.68,15030989
INTC,3/5/2015,14:51:12,33.68,14997427
INTC,3/5/2015,14:50:42,33.71,14932156
INTC,3/5/2015,14:50:12,33.73,14906688
INTC,3/5/2015,14:49:42,33.72,14899862
INTC,3/5/2015,14:49:12,33.72,14894445
INTC,3/5/2015,14:48:42,33.73,14889347
INTC,3/5/2015,14:48:12,33.74,14871811
INTC,3/5/2015,14:47:43,33.74,14861507
INTC,3/5/2015,14:47:13,33.73,14857497
INTC,3/5/2015,14:46:42,33.73,14853589
INTC,3/5/2015,14:46:12,33.74,14846615
INTC,3/5/2015,14:45:42,33.74,14838423
INTC,3/5/2015,14:45:12,33.74,14835072
INTC,3/5/2015,14:44:42,33.73,14826701
INTC,3/5/2015,14:44:12,33.73,14825644
INTC,3/5/2015,14:43:42,33.74,14822766
INTC,3/5/2015,14:43:12,33.74,14819664
INTC,3/5/2015,14:42:42,33.74,14792748
INTC,3/5/2015,14:42:12,33.74,14789086
INTC,3/5/2015,14:41:42,33.73,14769085
INTC,3/5/2015,14:41:12,33.73,14762748
INTC,3/5/2015,14:40:42,33.72,14736721
INTC,3/5/2015,14:40:12,33.72,14722583
INTC,3/5/2015,14:39:42,33.72,14706999
INTC,3/5/2015,14:39:12,33.73,14699390
INTC,3/5/2015,14:38:42,33.73,14691765
INTC,3/5/2015,14:38:12,33.73,14684436
INTC,3/5/2015,14:37:42,33.72,14679527
INTC,3/5/2015,14:37:12,33.73,14667673
INTC,3/5/2015,14:36:42,33.73,14655597
INTC,3/5/2015,14:36:12,33.74,14641905
INTC,3/5/2015,14:35:43,33.73,14629012
INTC,3/5/2015,14:35:12,33.72,14620683
INTC,3/5/2015,14:34:42,33.72,14615367
INTC,3/5/2015,14:34:12,33.71,14595019
INTC,3/5/2015,14:33:42,33.72,14590498
INTC,3/5/2015,14:33:12,33.71,14586624
INTC,3/5/2015,14:32:42,33.72,14561888
INTC,3/5/2015,14:32:12,33.73,14547064
INTC,3/5/2015,14:31:42,33.74,14540929
INTC,3/5/2015,14:31:12,33.74,14537017
INTC,3/5/2015,14:30:42,33.73,14521793
INTC,3/5/2015,14:30:12,33.73,14505579
INTC,3/5/2015,14:29:42,33.73,14497396
INTC,3/5/2015,14:29:12,33.72,14493130
INTC,3/5/2015,14:28:42,33.73,14486405
INTC,3/5/2015,14:28:12,33.73,14475490
INTC,3/5/2015,14:27:42,33.73,14463731
INTC,3/5/2015,14:27:13,33.73,14309271
INTC,3/5/2015,14:26:42,33.73,14296884
INTC,3/5/2015,14:26:12,33.74,14292866
INTC,3/5/2015,14:25:42,33.74,14277870
INTC,3/5/2015,14:25:12,33.74,14269272
INTC,3/5/2015,14:24:42,33.74,14261661
INTC,3/5/2015,14:24:12,33.74,14257940
INTC,3/5/2015,14:23:42,33.74,14250200
INTC,3/5/2015,14:23:13,33.74,14245121
INTC,3/5/2015,14:22:42,33.76,14238493
INTC,3/5/2015,14:22:12,33.77,14227120
INTC,3/5/2015,14:21:42,33.76,14217973
INTC,3/5/2015,14:21:12,33.75,14194579
INTC,3/5/2015,14:20:42,33.75,14187230
INTC,3/5/2015,14:20:12,33.74,14182073
INTC,3/5/2015,14:19:42,33.75,14177128
INTC,3/5/2015,14:19:12,33.76,14167342
INTC,3/5/2015,14:18:42,33.76,14157543
INTC,3/5/2015,14:18:13,33.76,14147508
INTC,3/5/2015,14:17:42,33.73,14121577
INTC,3/5/2015,14:17:12,33.74,14080137
INTC,3/5/2015,14:16:42,33.73,14031528
INTC,3/5/2015,14:16:12,33.73,14013751
INTC,3/5/2015,14:15:42,33.74,14006219
INTC,3/5/2015,14:15:13,33.73,13997666
INTC,3/5/2015,14:14:42,33.73,13985755
INTC,3/5/2015,14:14:13,33.74,13976299
INTC,3/5/2015,14:13:43,33.77,13955200
INTC,3/5/2015,14:13:12,33.77,13944745
INTC,3/5/2015,14:12:42,33.77,13928966
INTC,3/5/2015,14:12:12,33.76,13910364
INTC,3/5/2015,14:11:42,33.77,13892011
INTC,3/5/2015,14:11:12,33.77,13878666
INTC,3/5/2015,14:10:42,33.77,13868901
INTC,3/5/2015,14:10:12,33.77,13863770
INTC,3/5/2015,14:09:43,33.77,13861558
INTC,3/5/2015,14:09:12,33.76,13856852
INTC,3/5/2015,14:08:42,33.76,13849354
INTC,3/5/2015,14:08:13,33.77,13836886
INTC,3/5/2015,14:07:42,33.76,13832854
INTC,3/5/2015,14:07:12,33.76,13822274
INTC,3/5/2015,14:06:42,33.76,13804865
INTC,3/5/2015,14:06:12,33.76,13797288
INTC,3/5/2015,14:05:42,33.76,13780154
INTC,3/5/2015,14:05:12,33.78,13746969
INTC,3/5/2015,14:04:42,33.77,13738186
INTC,3/5/2015,14:04:13,33.75,13699911
INTC,3/5/2015,14:03:42,33.74,13645647
INTC,3/5/2015,14:03:12,33.73,13605304
INTC,3/5/2015,14:02:42,33.72,13572061
INTC,3/5/2015,14:02:12,33.72,13523560
INTC,3/5/2015,14:01:42,33.72,13515909
INTC,3/5/2015,14:01:12,33.72,13506112
INTC,3/5/2015,14:00:42,33.72,13501162
INTC,3/5/2015,14:00:12,33.7,13478985
INTC,3/5/2015,13:59:42,33.71,13473944
INTC,3/5/2015,13:59:12,33.71,13463133
INTC,3/5/2015,13:58:42,33.69,13451043
INTC,3/5/2015,13:58:12,33.7,13444395
INTC,3/5/2015,13:57:42,33.7,13437706
INTC,3/5/2015,13:57:12,33.7,13429602
INTC,3/5/2015,13:56:42,33.68,13424400
INTC,3/5/2015,13:56:12,33.67,13405629
INTC,3/5/2015,13:55:42,33.68,13396033
INTC,3/5/2015,13:55:13,33.7,13388012
INTC,3/5/2015,13:54:42,33.71,13374822
INTC,3/5/2015,13:54:12,33.7,13359580
INTC,3/5/2015,13:53:43,33.7,13353014
INTC,3/5/2015,13:53:12,33.68,13339311
INTC,3/5/2015,13:52:43,33.65,13307024
INTC,3/5/2015,13:52:12,33.65,13304342
INTC,3/5/2015,13:51:42,33.67,13289320
INTC,3/5/2015,13:51:12,33.67,13283386
INTC,3/5/2015,13:50:43,33.67,13270259
INTC,3/5/2015,13:50:12,33.67,13263457
INTC,3/5/2015,13:49:42,33.66,13250221
INTC,3/5/2015,13:49:12,33.67,13238764
INTC,3/5/2015,13:48:42,33.7,13202938
INTC,3/5/2015,13:48:12,33.69,13199080
INTC,3/5/2015,13:47:42,33.72,13175743
INTC,3/5/2015,13:47:12,33.72,13168519
INTC,3/5/2015,13:46:42,33.71,13160527
INTC,3/5/2015,13:46:12,33.72,13155122
INTC,3/5/2015,13:45:43,33.72,13115091
INTC,3/5/2015,13:45:12,33.72,13109051
INTC,3/5/2015,13:44:42,33.72,13095008
INTC,3/5/2015,13:44:12,33.72,13083266
INTC,3/5/2015,13:43:42,33.72,13067370
INTC,3/5/2015,13:43:12,33.71,13058206
INTC,3/5/2015,13:42:42,33.7,13021397
INTC,3/5/2015,13:42:12,33.68,12995036
INTC,3/5/2015,13:41:42,33.69,12989426
INTC,3/5/2015,13:41:12,33.69,12971701
INTC,3/5/2015,13:40:42,33.69,12967824
INTC,3/5/2015,13:40:12,33.68,12965537
INTC,3/5/2015,13:39:42,33.67,12938785
INTC,3/5/2015,13:39:13,33.66,12929666
INTC,3/5/2015,13:38:42,33.66,12922792
INTC,3/5/2015,13:38:12,33.68,12908659
INTC,3/5/2015,13:37:42,33.67,12903289
INTC,3/5/2015,13:37:12,33.64,12888374
INTC,3/5/2015,13:36:42,33.67,12848106
INTC,3/5/2015,13:36:12,33.66,12835360
INTC,3/5/2015,13:35:42,33.66,12833712
INTC,3/5/2015,13:35:12,33.66,12831162
INTC,3/5/2015,13:34:42,33.67,12805348
INTC,3/5/2015,13:34:12,33.68,12791427
INTC,3/5/2015,13:33:42,33.71,12770339
INTC,3/5/2015,13:33:14,33.71,12767347
INTC,3/5/2015,13:32:43,33.7,12751055
INTC,3/5/2015,13:32:13,33.71,12703262
INTC,3/5/2015,13:31:42,33.71,12699755
INTC,3/5/2015,13:31:12,33.71,12696501
INTC,3/5/2015,13:30:42,33.7,12688837
INTC,3/5/2015,13:30:12,33.69,12664637
INTC,3/5/2015,13:29:42,33.65,12621835
INTC,3/5/2015,13:29:12,33.65,12616409
INTC,3/5/2015,13:28:42,33.66,12611051
INTC,3/5/2015,13:28:12,33.65,12605344
INTC,3/5/2015,13:27:42,33.66,12600244
INTC,3/5/2015,13:27:12,33.66,12595927
INTC,3/5/2015,13:26:42,33.67,12573511
INTC,3/5/2015,13:26:12,33.66,12557404
INTC,3/5/2015,13:25:42,33.66,12520763
INTC,3/5/2015,13:25:12,33.67,12516668
INTC,3/5/2015,13:24:42,33.67,12496616
INTC,3/5/2015,13:24:12,33.66,12480493
INTC,3/5/2015,13:23:42,33.65,12470085
INTC,3/5/2015,13:23:13,33.64,12463080
INTC,3/5/2015,13:22:42,33.65,12409485
INTC,3/5/2015,13:22:12,33.65,12403656
INTC,3/5/2015,13:21:42,33.65,12397357
INTC,3/5/2015,13:21:12,33.65,12388525
INTC,3/5/2015,13:20:42,33.62,12375542
INTC,3/5/2015,13:20:12,33.61,12360184
INTC,3/5/2015,13:19:42,33.61,12342487
INTC,3/5/2015,13:19:12,33.6,12337592
INTC,3/5/2015,13:18:42,33.61,12327346
INTC,3/5/2015,13:18:12,33.6,12319357
INTC,3/5/2015,13:17:42,33.61,12286344
INTC,3/5/2015,13:17:12,33.6,12259223
INTC,3/5/2015,13:16:43,33.59,12176055
INTC,3/5/2015,13:16:12,33.6,12158779
INTC,3/5/2015,13:15:42,33.6,12150341
INTC,3/5/2015,13:15:12,33.61,12121908
INTC,3/5/2015,13:14:42,33.61,12118098
INTC,3/5/2015,13:14:12,33.6,12114064
INTC,3/5/2015,13:13:42,33.62,12083584
INTC,3/5/2015,13:13:12,33.62,12081567
INTC,3/5/2015,13:12:43,33.64,12072264
INTC,3/5/2015,13:12:12,33.63,12005736
INTC,3/5/2015,13:11:42,33.63,11986168
INTC,3/5/2015,13:11:12,33.62,11725079
INTC,3/5/2015,13:10:42,33.62,11710949
INTC,3/5/2015,13:10:12,33.64,11677634
INTC,3/5/2015,13:09:42,33.65,11661480
INTC,3/5/2015,13:09:12,33.64,11660130
INTC,3/5/2015,13:08:42,33.64,11629379
INTC,3/5/2015,13:08:12,33.64,11615851
INTC,3/5/2015,13:07:42,33.64,11612974
INTC,3/5/2015,13:07:12,33.65,11587199
INTC,3/5/2015,13:06:42,33.66,11568200
INTC,3/5/2015,13:06:12,33.66,11530027
INTC,3/5/2015,13:05:42,33.67,11469451
INTC,3/5/2015,13:05:12,33.68,11461175
INTC,3/5/2015,13:04:42,33.68,11442492
INTC,3/5/2015,13:04:12,33.7,11415454
INTC,3/5/2015,13:03:42,33.7,11400934
INTC,3/5/2015,13:03:12,33.69,11379964
INTC,3/5/2015,13:02:42,33.68,11370642
INTC,3/5/2015,13:02:12,33.68,11346041
INTC,3/5/2015,13:01:42,33.67,11339291
INTC,3/5/2015,13:01:12,33.67,11338109
INTC,3/5/2015,13:00:42,33.68,11328876
INTC,3/5/2015,13:00:13,33.67,11314398
INTC,3/5/2015,12:59:42,33.68,11309284
INTC,3/5/2015,12:59:12,33.67,11295978
INTC,3/5/2015,12:58:42,33.67,11285978
INTC,3/5/2015,12:58:12,33.68,11280731
INTC,3/5/2015,12:57:42,33.7,11246806
INTC,3/5/2015,12:57:12,33.69,11218596
INTC,3/5/2015,12:56:42,33.71,11210201
INTC,3/5/2015,12:56:12,33.72,11187080
INTC,3/5/2015,12:55:42,33.72,11177642
INTC,3/5/2015,12:55:12,33.71,11173127
INTC,3/5/2015,12:54:42,33.71,11169319
INTC,3/5/2015,12:54:12,33.73,11150222
INTC,3/5/2015,12:53:42,33.72,11138666
INTC,3/5/2015,12:53:12,33.73,11136689
INTC,3/5/2015,12:52:42,33.72,11131271
INTC,3/5/2015,12:52:12,33.73,11105177
INTC,3/5/2015,12:51:42,33.73,11101742
INTC,3/5/2015,12:51:12,33.72,11097624
INTC,3/5/2015,12:50:42,33.73,11087771
INTC,3/5/2015,12:50:12,33.72,11086258
INTC,3/5/2015,12:49:42,33.73,11082080
INTC,3/5/2015,12:49:12,33.72,11079979
INTC,3/5/2015,12:48:42,33.72,11024629
INTC,3/5/2015,12:48:12,33.72,11019409
INTC,3/5/2015,12:47:42,33.7,10977003
INTC,3/5/2015,12:47:12,33.7,10974460
INTC,3/5/2015,12:46:42,33.68,10964757
INTC,3/5/2015,12:46:12,33.65,10925396
INTC,3/5/2015,12:45:42,33.64,10919694
INTC,3/5/2015,12:45:13,33.64,10907878
INTC,3/5/2015,12:44:42,33.65,10879698
INTC,3/5/2015,12:44:12,33.64,10874817
INTC,3/5/2015,12:43:42,33.63,10812873
INTC,3/5/2015,12:43:12,33.64,10809052
INTC,3/5/2015,12:42:42,33.63,10799227
INTC,3/5/2015,12:42:12,33.64,10792620
INTC,3/5/2015,12:41:42,33.64,10777839
INTC,3/5/2015,12:41:12,33.64,10750939
INTC,3/5/2015,12:40:42,33.67,10714557
INTC,3/5/2015,12:40:12,33.69,10698775
INTC,3/5/2015,12:39:42,33.69,10693542
INTC,3/5/2015,12:39:12,33.68,10689730
INTC,3/5/2015,12:38:44,33.7,10682054
INTC,3/5/2015,12:38:12,33.71,10654462
INTC,3/5/2015,12:37:45,33.67,10608565
INTC,3/5/2015,12:37:14,33.67,10584241
INTC,3/5/2015,12:36:42,33.65,10565991
INTC,3/5/2015,12:36:13,33.66,10559480
INTC,3/5/2015,12:35:42,33.65,10556199
INTC,3/5/2015,12:35:12,33.66,10491096
INTC,3/5/2015,12:34:42,33.67,10483117
INTC,3/5/2015,12:34:12,33.67,10463426
INTC,3/5/2015,12:33:42,33.66,10457324
INTC,3/5/2015,12:33:12,33.67,10443652
INTC,3/5/2015,12:32:42,33.67,10432978
INTC,3/5/2015,12:32:12,33.67,10420493
INTC,3/5/2015,12:31:43,33.67,10406626
INTC,3/5/2015,12:31:12,33.68,10384601
INTC,3/5/2015,12:30:43,33.67,10375714
INTC,3/5/2015,12:30:12,33.68,10299424
INTC,3/5/2015,12:29:45,33.69,10256235
INTC,3/5/2015,12:29:12,33.71,10202411
INTC,3/5/2015,12:28:43,33.71,10189819
INTC,3/5/2015,12:28:12,33.71,10162352
INTC,3/5/2015,12:27:42,33.72,10154282
INTC,3/5/2015,12:27:12,33.72,10152427
INTC,3/5/2015,12:26:42,33.72,10144482
INTC,3/5/2015,12:26:12,33.72,10134166
INTC,3/5/2015,12:25:43,33.72,10130987
INTC,3/5/2015,12:25:13,33.71,10125935
INTC,3/5/2015,12:24:42,33.72,10113577
INTC,3/5/2015,12:24:12,33.72,10109444
INTC,3/5/2015,12:23:42,33.72,10104276
INTC,3/5/2015,12:23:12,33.72,10099773
INTC,3/5/2015,12:22:42,33.72,10091667
INTC,3/5/2015,12:22:12,33.71,10086802
INTC,3/5/2015,12:21:43,33.72,10079603
INTC,3/5/2015,12:21:12,33.71,10068409
INTC,3/5/2015,12:20:42,33.71,10051088
INTC,3/5/2015,12:20:12,33.72,10032536
INTC,3/5/2015,12:19:42,33.73,10029231
INTC,3/5/2015,12:19:12,33.74,10017774
INTC,3/5/2015,12:18:42,33.74,10014562
INTC,3/5/2015,12:18:12,33.74,9987333
INTC,3/5/2015,12:17:42,33.74,9979119
INTC,3/5/2015,12:17:12,33.73,9887927
INTC,3/5/2015,12:16:42,33.73,9877960
INTC,3/5/2015,12:16:12,33.73,9843971
INTC,3/5/2015,12:15:43,33.73,9833527
INTC,3/5/2015,12:15:12,33.73,9806564
INTC,3/5/2015,12:14:42,33.73,9800888
INTC,3/5/2015,12:14:12,33.72,9762193
INTC,3/5/2015,12:13:42,33.72,9749547
INTC,3/5/2015,12:13:12,33.72,9743801
INTC,3/5/2015,12:12:42,33.72,9732550
INTC,3/5/2015,12:12:12,33.72,9725858
INTC,3/5/2015,12:11:42,33.75,9679000
INTC,3/5/2015,12:11:12,33.75,9673682
INTC,3/5/2015,12:10:42,33.75,9665715
INTC,3/5/2015,12:10:12,33.73,9333701
INTC,3/5/2015,12:09:42,33.73,9318586
INTC,3/5/2015,12:09:12,33.72,9301687
INTC,3/5/2015,12:08:42,33.72,9265645
INTC,3/5/2015,12:08:12,33.73,9237381
INTC,3/5/2015,12:07:42,33.76,9199334
INTC,3/5/2015,12:07:12,33.76,9187313
INTC,3/5/2015,12:06:42,33.78,9152797
INTC,3/5/2015,12:06:12,33.77,9148660
INTC,3/5/2015,12:05:42,33.78,9117809
INTC,3/5/2015,12:05:12,33.78,9112583
INTC,3/5/2015,12:04:42,33.78,9103624
INTC,3/5/2015,12:04:12,33.78,9100417
INTC,3/5/2015,12:03:42,33.78,9074566
INTC,3/5/2015,12:03:12,33.76,9057497
INTC,3/5/2015,12:02:42,33.76,9014948
INTC,3/5/2015,12:02:12,33.75,9013055
INTC,3/5/2015,12:01:42,33.78,8975741
INTC,3/5/2015,12:01:12,33.78,8974008
INTC,3/5/2015,12:00:42,33.79,8969131
INTC,3/5/2015,12:00:12,33.79,8951272
INTC,3/5/2015,11:59:44,33.79,8948387
INTC,3/5/2015,11:59:12,33.81,8929282
INTC,3/5/2015,11:58:42,33.81,8910721
INTC,3/5/2015,11:58:12,33.81,8881255
INTC,3/5/2015,11:57:42,33.8,8871499
INTC,3/5/2015,11:57:12,33.8,8870527
INTC,3/5/2015,11:56:42,33.83,8825943
INTC,3/5/2015,11:56:12,33.83,8787444
INTC,3/5/2015,11:55:42,33.83,8774905
INTC,3/5/2015,11:55:12,33.83,8769732
INTC,3/5/2015,11:54:42,33.83,8768512
INTC,3/5/2015,11:54:12,33.83,8732063
INTC,3/5/2015,11:53:42,33.84,8727278
INTC,3/5/2015,11:53:12,33.83,8712430
INTC,3/5/2015,11:52:42,33.84,8708712
INTC,3/5/2015,11:52:12,33.84,8687778
INTC,3/5/2015,11:51:42,33.84,8683306
INTC,3/5/2015,11:51:12,33.84,8676332
INTC,3/5/2015,11:50:42,33.84,8665473
INTC,3/5/2015,11:50:12,33.84,8648634
INTC,3/5/2015,11:49:42,33.84,8640592
INTC,3/5/2015,11:49:12,33.83,8637979
INTC,3/5/2015,11:48:42,33.82,8601512
INTC,3/5/2015,11:48:12,33.81,8589790
INTC,3/5/2015,11:47:42,33.81,8585898
INTC,3/5/2015,11:47:12,33.81,8583678
INTC,3/5/2015,11:46:42,33.82,8558103
INTC,3/5/2015,11:46:12,33.81,8527117
INTC,3/5/2015,11:45:42,33.79,8473077
INTC,3/5/2015,11:45:12,33.77,8458594
INTC,3/5/2015,11:44:42,33.75,8441363
INTC,3/5/2015,11:44:12,33.73,8412690
INTC,3/5/2015,11:43:42,33.76,8338940
INTC,3/5/2015,11:43:13,33.76,8334222
INTC,3/5/2015,11:42:42,33.77,8321800
INTC,3/5/2015,11:42:12,33.76,8292420
INTC,3/5/2015,11:41:42,33.77,8262218
INTC,3/5/2015,11:41:12,33.77,8259309
INTC,3/5/2015,11:40:42,33.74,8201661
INTC,3/5/2015,11:40:15,33.73,8197180
INTC,3/5/2015,11:39:42,33.73,8175630
INTC,3/5/2015,11:39:12,33.74,8169879
INTC,3/5/2015,11:38:43,33.75,8141967
INTC,3/5/2015,11:38:12,33.74,8137514
INTC,3/5/2015,11:37:42,33.73,8130267
INTC,3/5/2015,11:37:12,33.73,8128065
INTC,3/5/2015,11:36:42,33.75,8102133
INTC,3/5/2015,11:36:12,33.73,8066947
INTC,3/5/2015,11:35:42,33.73,8061257
INTC,3/5/2015,11:35:12,33.77,8043656
INTC,3/5/2015,11:34:42,33.76,8022527
INTC,3/5/2015,11:34:12,33.75,8006499
INTC,3/5/2015,11:33:42,33.74,7971868
INTC,3/5/2015,11:33:12,33.74,7924615
INTC,3/5/2015,11:32:42,33.72,7887965
INTC,3/5/2015,11:32:12,33.71,7882458
INTC,3/5/2015,11:31:42,33.72,7799592
INTC,3/5/2015,11:31:12,33.74,7725358
INTC,3/5/2015,11:30:42,33.74,7722557
INTC,3/5/2015,11:30:12,33.75,7674489
INTC,3/5/2015,11:29:42,33.75,7666475
INTC,3/5/2015,11:29:12,33.75,7655597
INTC,3/5/2015,11:28:42,33.76,7640994
INTC,3/5/2015,11:28:12,33.76,7636219
INTC,3/5/2015,11:27:42,33.76,7608142
INTC,3/5/2015,11:27:12,33.78,7574688
INTC,3/5/2015,11:26:42,33.77,7543841
INTC,3/5/2015,11:26:12,33.79,7491030
INTC,3/5/2015,11:25:42,33.81,7435328
INTC,3/5/2015,11:25:13,33.81,7426008
INTC,3/5/2015,11:24:42,33.81,7413021
INTC,3/5/2015,11:24:12,33.81,7406923
INTC,3/5/2015,11:23:42,33.81,7357841
INTC,3/5/2015,11:23:15,33.84,7293768
INTC,3/5/2015,11:22:42,33.82,7220197
INTC,3/5/2015,11:22:12,33.82,7188241
INTC,3/5/2015,11:21:42,33.84,7169152
INTC,3/5/2015,11:21:12,33.84,7164794
INTC,3/5/2015,11:20:42,33.83,7140454
INTC,3/5/2015,11:20:12,33.83,7125606
INTC,3/5/2015,11:19:42,33.83,7098775
INTC,3/5/2015,11:19:13,33.82,7095686
INTC,3/5/2015,11:18:42,33.85,7049346
INTC,3/5/2015,11:18:12,33.87,7012113
INTC,3/5/2015,11:17:43,33.87,7005746
INTC,3/5/2015,11:17:12,33.85,6989938
INTC,3/5/2015,11:16:42,33.85,6977451
INTC,3/5/2015,11:16:13,33.87,6967359
INTC,3/5/2015,11:15:42,33.85,6927882
INTC,3/5/2015,11:15:12,33.87,6908006
INTC,3/5/2015,11:14:42,33.87,6905901
INTC,3/5/2015,11:14:13,33.86,6874479
INTC,3/5/2015,11:13:42,33.85,6870273
INTC,3/5/2015,11:13:13,33.85,6830045
INTC,3/5/2015,11:12:42,33.85,6793601
INTC,3/5/2015,11:12:12,33.85,6789167
INTC,3/5/2015,11:11:42,33.85,6778549
INTC,3/5/2015,11:11:13,33.84,6772857
INTC,3/5/2015,11:10:42,33.84,6753463
INTC,3/5/2015,11:10:12,33.85,6736362
INTC,3/5/2015,11:09:47,33.85,6720226
INTC,3/5/2015,11:09:13,33.85,6692946
INTC,3/5/2015,11:08:43,33.88,6680554
INTC,3/5/2015,11:08:12,33.9,6661992
INTC,3/5/2015,11:07:42,33.93,6618364
INTC,3/5/2015,11:07:12,33.91,6611337
INTC,3/5/2015,11:06:42,33.91,6595423
INTC,3/5/2015,11:06:12,33.92,6577805
INTC,3/5/2015,11:05:42,33.92,6561727
INTC,3/5/2015,11:05:12,33.92,6556001
INTC,3/5/2015,11:04:42,33.91,6530139
INTC,3/5/2015,11:04:12,33.91,6524260
INTC,3/5/2015,11:03:42,33.91,6510995
INTC,3/5/2015,11:03:12,33.9,6493723
INTC,3/5/2015,11:02:42,33.89,6475065
INTC,3/5/2015,11:02:13,33.88,6468903
INTC,3/5/2015,11:01:42,33.89,6464428
INTC,3/5/2015,11:01:12,33.9,6451579
INTC,3/5/2015,11:00:43,33.9,6437775
INTC,3/5/2015,11:00:12,33.89,6405074
INTC,3/5/2015,10:59:42,33.87,6362748
INTC,3/5/2015,10:59:12,33.86,6357870
INTC,3/5/2015,10:58:42,33.88,6341583
INTC,3/5/2015,10:58:16,33.89,6334371
INTC,3/5/2015,10:57:42,33.88,6329307
INTC,3/5/2015,10:57:12,33.9,6266681
INTC,3/5/2015,10:56:42,33.91,6245914
INTC,3/5/2015,10:56:12,33.91,6234543
INTC,3/5/2015,10:55:42,33.93,6217476
INTC,3/5/2015,10:55:12,33.92,6184199
INTC,3/5/2015,10:54:42,33.95,6112720
INTC,3/5/2015,10:54:12,33.95,6097685
INTC,3/5/2015,10:53:42,33.97,6088895
INTC,3/5/2015,10:53:12,33.98,6072333
INTC,3/5/2015,10:52:42,33.99,6055144
INTC,3/5/2015,10:52:13,33.98,6016948
INTC,3/5/2015,10:51:42,33.97,5767368
INTC,3/5/2015,10:51:12,33.95,5750568
INTC,3/5/2015,10:50:42,33.95,5732524
INTC,3/5/2015,10:50:12,33.95,5692174
INTC,3/5/2015,10:49:42,33.95,5665198
INTC,3/5/2015,10:49:12,33.95,5660201
INTC,3/5/2015,10:48:42,33.95,5626815
INTC,3/5/2015,10:48:12,33.96,5604405
INTC,3/5/2015,10:47:42,33.95,5590410
INTC,3/5/2015,10:47:12,33.97,5566899
INTC,3/5/2015,10:46:42,33.97,5543305
INTC,3/5/2015,10:46:12,33.94,5511229
INTC,3/5/2015,10:45:42,33.95,5486153
INTC,3/5/2015,10:45:12,33.96,5476496
INTC,3/5/2015,10:44:42,33.96,5472488
INTC,3/5/2015,10:44:12,33.96,5461106
INTC,3/5/2015,10:43:42,33.97,5454907
INTC,3/5/2015,10:43:12,33.97,5446526
INTC,3/5/2015,10:42:43,33.96,5424584
INTC,3/5/2015,10:42:12,33.97,5398621
INTC,3/5/2015,10:41:42,33.98,5377310
INTC,3/5/2015,10:41:12,33.99,5331866
INTC,3/5/2015,10:40:42,33.97,5324574
INTC,3/5/2015,10:40:12,33.95,5294647
INTC,3/5/2015,10:39:42,33.95,5291199
INTC,3/5/2015,10:39:12,33.93,5268453
INTC,3/5/2015,10:38:42,33.95,5255912
INTC,3/5/2015,10:38:12,33.96,5220448
INTC,3/5/2015,10:37:42,33.97,5189021
INTC,3/5/2015,10:37:12,33.95,5175465
INTC,3/5/2015,10:36:42,33.96,5139395
INTC,3/5/2015,10:36:12,33.95,5134842
INTC,3/5/2015,10:35:42,33.94,5098978
INTC,3/5/2015,10:35:12,33.94,5063747
INTC,3/5/2015,10:34:42,33.95,5035121
INTC,3/5/2015,10:34:12,33.93,5010956
INTC,3/5/2015,10:33:42,33.96,4975527
INTC,3/5/2015,10:33:12,33.97,4955948
INTC,3/5/2015,10:32:42,33.97,4947398
INTC,3/5/2015,10:32:12,33.98,4926063
INTC,3/5/2015,10:31:42,33.97,4893368
INTC,3/5/2015,10:31:12,33.97,4881415
INTC,3/5/2015,10:30:42,33.94,4861957
INTC,3/5/2015,10:30:12,33.98,4823532
INTC,3/5/2015,10:29:42,33.97,4818588
INTC,3/5/2015,10:29:12,33.96,4793638
INTC,3/5/2015,10:28:42,33.98,4771511
INTC,3/5/2015,10:28:12,33.99,4769167
INTC,3/5/2015,10:27:42,33.98,4725686
INTC,3/5/2015,10:27:12,33.94,4698379
INTC,3/5/2015,10:26:42,33.93,4674139
INTC,3/5/2015,10:26:12,33.97,4582732
INTC,3/5/2015,10:25:42,33.98,4540095
INTC,3/5/2015,10:25:12,33.98,4534335
INTC,3/5/2015,10:24:42,33.98,4518854
INTC,3/5/2015,10:24:12,33.96,4486815
INTC,3/5/2015,10:23:42,33.95,4476718
INTC,3/5/2015,10:23:12,33.99,4442047
INTC,3/5/2015,10:22:42,33.94,4427956
INTC,3/5/2015,10:22:12,33.91,4409854
INTC,3/5/2015,10:21:42,33.93,4379454
INTC,3/5/2015,10:21:12,33.95,4354827
INTC,3/5/2015,10:20:42,33.96,4329696
INTC,3/5/2015,10:20:12,33.94,4301324
INTC,3/5/2015,10:19:42,33.94,4272436
INTC,3/5/2015,10:19:12,33.95,4254614
INTC,3/5/2015,10:18:42,34,4199066
INTC,3/5/2015,10:18:12,34,4191736
INTC,3/5/2015,10:17:42,34,4078846
INTC,3/5/2015,10:17:12,33.97,4045541
INTC,3/5/2015,10:16:42,33.96,4012624
INTC,3/5/2015,10:16:12,33.94,3991502
INTC,3/5/2015,10:15:42,33.94,3966168
INTC,3/5/2015,10:15:12,33.93,3946507
INTC,3/5/2015,10:14:43,33.95,3926204
INTC,3/5/2015,10:14:12,33.96,3917499
INTC,3/5/2015,10:13:43,33.99,3891972
INTC,3/5/2015,10:13:12,34,3879004
INTC,3/5/2015,10:12:42,34,3869497
INTC,3/5/2015,10:12:12,33.99,3844802
INTC,3/5/2015,10:11:42,33.96,3813915
INTC,3/5/2015,10:11:12,33.97,3801121
INTC,3/5/2015,10:10:42,33.99,3787231
INTC,3/5/2015,10:10:12,33.99,3781837
INTC,3/5/2015,10:09:42,33.97,3765610
INTC,3/5/2015,10:09:12,34,3737693
INTC,3/5/2015,10:08:42,34,3720461
INTC,3/5/2015,10:08:12,33.99,3703863
INTC,3/5/2015,10:07:42,33.98,3685894
INTC,3/5/2015,10:07:12,33.99,3673426
INTC,3/5/2015,10:06:43,34,3642337
INTC,3/5/2015,10:06:12,34.01,3609462
INTC,3/5/2015,10:05:42,34.02,3594385
INTC,3/5/2015,10:05:12,34.01,3547206
INTC,3/5/2015,10:04:42,33.99,3525422
INTC,3/5/2015,10:04:13,34,3503871
INTC,3/5/2015,10:03:42,34,3477144
INTC,3/5/2015,10:03:12,33.97,3434525
INTC,3/5/2015,10:02:42,33.95,3380447
INTC,3/5/2015,10:02:12,33.86,3313513
INTC,3/5/2015,10:01:42,33.87,3217745
INTC,3/5/2015,10:01:12,33.86,3173365
INTC,3/5/2015,10:00:42,33.89,2982374
INTC,3/5/2015,10:00:13,33.96,2823940
INTC,3/5/2015,9:59:42,33.98,2758803
INTC,3/5/2015,9:59:12,33.99,2717002
INTC,3/5/2015,9:58:42,33.99,2696090
INTC,3/5/2015,9:58:12,33.96,2632879
INTC,3/5/2015,9:57:42,34,2587217
INTC,3/5/2015,9:57:12,34.01,2488123
INTC,3/5/2015,9:56:42,34.05,2440201
INTC,3/5/2015,9:56:12,34.07,2376175
INTC,3/5/2015,9:55:42,34.1,2257661
INTC,3/5/2015,9:55:12,34.08,2248264
INTC,3/5/2015,9:54:42,34.15,2117934
INTC,3/5/2015,9:54:12,34.14,2001822
INTC,3/5/2015,9:53:42,34.11,1972373
INTC,3/5/2015,9:53:13,34.14,1782380
INTC,3/5/2015,9:52:43,34.21,1728850
INTC,3/5/2015,9:52:12,34.24,1686040
INTC,3/5/2015,9:51:42,34.21,1639410
INTC,3/5/2015,9:51:12,34.28,1609618
INTC,3/5/2015,9:50:42,34.26,1502671
INTC,3/5/2015,9:50:12,34.24,1428562
INTC,3/5/2015,9:49:43,34.17,1343272
INTC,3/5/2015,9:49:12,34.2,1252266
INTC,3/5/2015,9:48:42,34.17,1217073
INTC,3/5/2015,9:48:12,34.2,1183568
INTC,3/5/2015,9:47:43,34.23,1128967
INTC,3/5/2015,9:47:12,34.18,923444
INTC,3/5/2015,9:46:42,34.29,843829
INTC,3/5/2015,9:46:12,34.35,728184
INTC,3/5/2015,9:45:42,34.32,676693
INTC,3/5/2015,9:45:12,34.42,646479
INTC,3/5/2015,9:44:43,34.12,26770
INTC,3/5/2015,9:44:12,34.12,20138
INTC,3/5/2015,9:43:42,34.12,20138
INTC,3/5/2015,9:43:12,34.12,20138
INTC,3/5/2015,9:42:42,34.12,20138
INTC,3/5/2015,9:42:12,34.12,20138
INTC,3/5/2015,9:41:42,34.12,20138
INTC,3/5/2015,9:41:12,34.12,20138
INTC,3/5/2015,9:40:42,34.12,20138
INTC,3/5/2015,9:40:12,34.12,20138
INTC,3/5/2015,9:39:42,34.12,20138
INTC,3/5/2015,9:39:12,34.12,20138
INTC,3/5/2015,9:38:43,34.12,20138
INTC,3/5/2015,9:38:12,34.12,20138
INTC,3/5/2015,9:37:42,34.12,20138
INTC,3/5/2015,9:37:12,34.12,18600
INTC,3/5/2015,9:36:42,34.12,14700
INTC,3/5/2015,9:36:12,34.12,11500
INTC,3/5/2015,9:35:42,34.12,8900
INTC,3/5/2015,9:35:12,34.12,8600
INTC,3/5/2015,9:34:42,34.12,8600
INTC,3/5/2015,9:34:12,34.12,8600
INTC,3/5/2015,9:33:42,34.12,8400
INTC,3/5/2015,9:33:12,34.12,8400
INTC,3/5/2015,9:32:42,34.12,8200
INTC,3/5/2015,9:32:12,34.12,6300
INTC,3/5/2015,9:31:42,34.12,5200
INTC,3/5/2015,9:31:12,34.12,5200
INTC,3/5/2015,9:30:42,34.12,5200
INTC,3/5/2015,9:30:12,34.12,5200
INTC,3/5/2015,9:29:42,34.12,4800
INTC,3/5/2015,9:29:12,34.12,4800
INTC,3/5/2015,9:28:42,34.12,4800
INTC,3/5/2015,9:28:12,34.12,4800
INTC,3/5/2015,9:27:42,34.12,4800
INTC,3/5/2015,9:27:13,34.12,4800
INTC,3/5/2015,9:26:42,34.12,4800
INTC,3/5/2015,9:26:12,34.12,4800
INTC,3/5/2015,9:25:42,34.12,4800
INTC,3/5/2015,9:25:12,34.12,4800
INTC,3/5/2015,9:24:42,34.12,4800
INTC,3/5/2015,9:24:12,34.12,4800
INTC,3/5/2015,9:23:43,34.12,4800
INTC,3/5/2015,9:23:12,34.12,4800
INTC,3/5/2015,9:22:42,34.12,4800
INTC,3/5/2015,9:22:14,34.12,4800
INTC,3/5/2015,9:21:42,34.12,4800
INTC,3/5/2015,9:21:12,34.12,4800
INTC,3/5/2015,9:20:42,34.12,4800
INTC,3/5/2015,9:20:12,34.12,4800
INTC,3/5/2015,9:19:42,34.12,4800
INTC,3/5/2015,9:19:12,34.12,4800
INTC,3/5/2015,9:18:42,34.12,4800
INTC,3/5/2015,9:18:12,34.12,4800
INTC,3/5/2015,9:17:43,34.12,3800
INTC,3/5/2015,9:17:12,34.12,2800
INTC,3/5/2015,9:16:42,34.12,2800
INTC,3/5/2015,9:16:12,34.12,2800
INTC,3/5/2015,9:15:42,34.12,2800
INTC,3/5/2015,9:15:12,34.12,2800
INTC,3/5/2015,9:14:42,34.12,2800
INTC,3/5/2015,9:14:12,34.12,2800
INTC,3/5/2015,9:13:42,34.12,2800
INTC,3/5/2015,9:13:12,34.12,2800
INTC,3/5/2015,9:12:42,34.12,2800
INTC,3/5/2015,9:12:12,34.12,2800
INTC,3/5/2015,9:11:42,34.12,2800
INTC,3/5/2015,9:11:12,34.12,2800
INTC,3/5/2015,9:10:42,34.12,2800
INTC,3/5/2015,9:10:12,34.12,2800
INTC,3/5/2015,9:09:42,34.12,2800
INTC,3/5/2015,9:09:12,34.12,2800
INTC,3/5/2015,9:08:42,34.12,2800
INTC,3/5/2015,9:08:12,34.12,1100
INTC,3/5/2015,9:07:42,34.12,1100
INTC,3/5/2015,9:07:12,34.12,1100
INTC,3/5/2015,9:06:42,34.12,1100
INTC,3/5/2015,9:06:12,34.12,1100
INTC,3/5/2015,9:05:42,34.12,1100
INTC,3/5/2015,9:05:12,34.12,1100
INTC,3/5/2015,9:04:42,34.12,1100
INTC,3/5/2015,9:04:12,34.12,1100
INTC,3/5/2015,9:03:42,34.12,1100
INTC,3/5/2015,9:03:12,34.12,0
INTC,3/5/2015,9:02:42,34.12,0
INTC,3/5/2015,9:02:14,34.12,0
INTC,3/5/2015,9:01:42,34.12,0
INTC,3/5/2015,9:01:12,34.12,0
INTC,3/5/2015,9:00:42,34.12,0
INTC,3/5/2015,9:00:12,34.12,23012188
INTC,3/5/2015,8:59:42,34.12,23012188
INTC,3/5/2015,8:59:12,34.12,23012188
INTC,3/5/2015,8:58:42,34.12,23012188
INTC,3/5/2015,8:58:12,34.12,23012188
INTC,3/5/2015,8:57:42,34.12,23012188
INTC,3/5/2015,8:57:12,34.12,23012188
INTC,3/5/2015,8:56:42,34.12,23012188
INTC,3/5/2015,8:56:12,34.12,23012188
INTC,3/5/2015,8:55:43,34.12,23012188
INTC,3/5/2015,8:55:12,34.12,23012188
INTC,3/5/2015,8:54:42,34.12,23012188
INTC,3/5/2015,8:54:12,34.12,23012188
INTC,3/5/2015,8:53:42,34.12,23012188
INTC,3/5/2015,8:53:12,34.12,23012188
INTC,3/5/2015,8:52:42,34.12,23012188
